species,marker,list,source_status,n_raw,n_amplicons,amplicon_yield,secs
Bos grunniens,12S,phase2-uncatalogued,confirmed,494,451,TRUE,6.4
Camelus bactrianus,12S,phase2-uncatalogued,confirmed,155,127,TRUE,3.5
Camelus dromedarius,12S,phase2-uncatalogued,confirmed,152,118,TRUE,3.4
Lepus europaeus,12S,phase2-uncatalogued,confirmed (source names 'hare' at genus level),139,115,TRUE,3.7
Meleagris gallopavo,12S,phase2-uncatalogued,confirmed,116,99,TRUE,3.2
Bos indicus,12S,phase2-uncatalogued,UNSOURCED - also a curation question (often treated as a B. taurus subspecies),68,48,TRUE,3.1
Cervus elaphus,12S,phase2-uncatalogued,confirmed,240,40,TRUE,3.6
Cervus nippon,12S,phase2-uncatalogued,UNSOURCED,44,31,TRUE,3
Columba livia,12S,phase2-uncatalogued,confirmed,44,27,TRUE,2.8
Capreolus capreolus,12S,phase2-uncatalogued,confirmed,40,25,TRUE,2.7
Dama dama,12S,phase2-uncatalogued,confirmed,57,24,TRUE,2.8
Syncerus caffer,12S,phase2-uncatalogued,confirmed,48,20,TRUE,3.1
Salicornia europaea,trnL,phase2-uncatalogued,confirmed,28,18,TRUE,2.5
Oryctolagus cuniculus,12S,phase2-uncatalogued,confirmed,42,13,TRUE,2.9
Phasianus colchicus,12S,phase2-uncatalogued,confirmed,17,12,TRUE,2.6
Hydrochoerus hydrochaeris,12S,phase2-uncatalogued,confirmed,9,8,TRUE,2.5
Lithobates catesbeianus,12S,phase2-uncatalogued,confirmed (matches existing source vocabulary),29,8,TRUE,2.5
Perdix perdix,12S,phase2-uncatalogued,UNSOURCED,8,8,TRUE,2.6
Numida meleagris,12S,phase2-uncatalogued,confirmed,11,7,TRUE,2.5
Struthio camelus,12S,phase2-uncatalogued,confirmed,19,7,TRUE,2.6
Crocodylus niloticus,12S,phase2-uncatalogued,confirmed,38,7,TRUE,2.8
Muntiacus reevesi,12S,phase2-uncatalogued,UNSOURCED,19,7,TRUE,2.8
Bos frontalis,12S,phase2-uncatalogued,confirmed,9,6,TRUE,2.8
Bos javanicus,12S,phase2-uncatalogued,confirmed,25,6,TRUE,2.7
Vicugna pacos,12S,phase2-uncatalogued,confirmed,16,5,TRUE,2.7
Bison bonasus,12S,phase2-uncatalogued,UNSOURCED,10,5,TRUE,2.7
Capra ibex,12S,phase2-uncatalogued,UNSOURCED,7,5,TRUE,2.7
Myocastor coypus,12S,phase2-uncatalogued,confirmed,8,4,TRUE,2.5
Rhea americana,12S,phase2-uncatalogued,confirmed,15,4,TRUE,2.4
Phacochoerus africanus,12S,phase2-uncatalogued,confirmed,25,4,TRUE,3
Odocoileus hemionus,12S,phase2-uncatalogued,UNSOURCED,4,4,TRUE,2.6
Lama glama,12S,phase2-uncatalogued,confirmed,4,3,TRUE,2.9
Lama guanicoe,12S,phase2-uncatalogued,confirmed,9,3,TRUE,2.7
Ovis canadensis,12S,phase2-uncatalogued,UNSOURCED,23,3,TRUE,2.6
Ovibos moschatus,12S,phase2-uncatalogued,UNSOURCED,6,3,TRUE,2.4
Thryonomys swinderianus,12S,phase2-uncatalogued,confirmed,195,2,TRUE,3.4
Lepus americanus,12S,phase2-uncatalogued,UNSOURCED,6,2,TRUE,2.5
Telfairia occidentalis,trnL,phase2-uncatalogued,confirmed (PROTA),1,1,TRUE,2.4
Allium porrum,trnL,plant-candidate,on-list,35,31,TRUE,3.4
Baccaurea macrocarpa,trnL,plant-candidate,on-list,57,28,TRUE,3.1
Vaccinium oxycoccos,trnL,plant-candidate,on-list,50,25,TRUE,3.7
Poncirus trifoliata,trnL,plant-candidate,on-list,32,16,TRUE,3.1
Citrus limon,trnL,plant-candidate,on-list,29,14,TRUE,2.5
Pennisetum glaucum,trnL,plant-candidate,on-list,15,9,TRUE,2.8
Carissa congesta,trnL,plant-candidate,on-list,9,9,TRUE,2.5
Acacia senegal,trnL,plant-candidate,on-list,27,8,TRUE,2.6
Cinnamomum cassia,trnL,plant-candidate,on-list,18,8,TRUE,2.4
Acer ginnala,trnL,plant-candidate,on-list,12,8,TRUE,3.3
Chrysanthemum morifolium,trnL,plant-candidate,on-list,45,7,TRUE,3
Citrus aurantium,trnL,plant-candidate,on-list,18,7,TRUE,2.7
Baccaurea motleyana,trnL,plant-candidate,on-list,15,7,TRUE,2.4
Coix lachryma-jobi,trnL,plant-candidate,on-list,9,7,TRUE,2.7
Pueraria montana var. lobata,trnL,plant-candidate,on-list,10,7,TRUE,2.5
Spondias cytherea,trnL,plant-candidate,on-list,8,7,TRUE,2.8
Brachiaria deflexa,trnL,plant-candidate,on-list,7,7,TRUE,2.8
Morinda officinalis,trnL,plant-candidate,on-list,7,7,TRUE,2.7
Citrus paradisi,trnL,plant-candidate,on-list,19,6,TRUE,2.7
Sida rhombifolia,trnL,plant-candidate,on-list,6,6,TRUE,2.6
Wasabia japonica,trnL,plant-candidate,on-list,43,5,TRUE,2.5
Cleome gynandra,trnL,plant-candidate,on-list,9,5,TRUE,2.6
Iris x germanica,trnL,plant-candidate,on-list,7,5,TRUE,3
Physalis alkekengi,trnL,plant-candidate,on-list,5,4,TRUE,2.8
Pseudocydonia sinensis,trnL,plant-candidate,on-list,4,4,TRUE,3.1
Curcuma zanthorrhiza,trnL,plant-candidate,on-list,5,4,TRUE,2.7
Hyptis suaveolens,trnL,plant-candidate,on-list,5,4,TRUE,2.7
Psidium cattleianum,trnL,plant-candidate,on-list,5,4,TRUE,2.3
Plectranthus amboinicus,trnL,plant-candidate,on-list,4,4,TRUE,3
Sesamum radiatum,trnL,plant-candidate,on-list,4,4,TRUE,2.6
Fragaria ananassa,trnL,plant-candidate,on-list,9,3,TRUE,2.5
Citrus x limonia,trnL,plant-candidate,on-list,8,3,TRUE,2.8
Yucca gigantea,trnL,plant-candidate,on-list,7,3,TRUE,2.3
Baccaurea edulis,trnL,plant-candidate,on-list,6,3,TRUE,2.4
Tetragonia tetragonioides,trnL,plant-candidate,on-list,5,3,TRUE,2.6
Triticum boeoticum,trnL,plant-candidate,on-list,5,3,TRUE,2.4
Triticum monococcum subsp. aegilopoides,trnL,plant-candidate,on-list,5,3,TRUE,2.7
Abutilon indicum,trnL,plant-candidate,on-list,4,3,TRUE,2.3
Plantago arenaria,trnL,plant-candidate,on-list,4,3,TRUE,2.5
Brassica juncea var. juncea,trnL,plant-candidate,on-list,3,3,TRUE,2.4
Cheilocostus speciosus,trnL,plant-candidate,on-list,3,3,TRUE,2.6
Myrica rubra,trnL,plant-candidate,on-list,3,3,TRUE,2.5
Paeonia x suffruticosa,trnL,plant-candidate,on-list,3,3,TRUE,3.7
Dioscorea cayennensis,trnL,plant-candidate,on-list,32,2,TRUE,2.6
Spondias lakonensis,trnL,plant-candidate,on-list,5,2,TRUE,2.6
Feronia limonia,trnL,plant-candidate,on-list,4,2,TRUE,2.7
Rollinia mucosa,trnL,plant-candidate,on-list,4,2,TRUE,2.7
Brassica oleracea var. capitata f. alba,trnL,plant-candidate,on-list,3,2,TRUE,2.4
Brassica rapa subsp. chinensis,trnL,plant-candidate,on-list,3,2,TRUE,2.3
Brassica rapa subsp. pekinensis,trnL,plant-candidate,on-list,3,2,TRUE,2.4
Brassica rapa subsp. rapa,trnL,plant-candidate,on-list,3,2,TRUE,2.5
Brassica rapa var. glabra,trnL,plant-candidate,on-list,3,2,TRUE,2.6
Chenopodium capitatum,trnL,plant-candidate,on-list,3,2,TRUE,2.6
Chenopodium foliosum,trnL,plant-candidate,on-list,3,2,TRUE,2.9
Cucurbita pepo subsp. pepo,trnL,plant-candidate,on-list,2,2,TRUE,2.5
Cyphomandra betacea,trnL,plant-candidate,on-list,3,2,TRUE,2.7
Marsdenia australis,trnL,plant-candidate,on-list,3,2,TRUE,2.3
Pyrus bretschneideri,trnL,plant-candidate,on-list,2,2,TRUE,2.9
Valeriana sambucifolia,trnL,plant-candidate,on-list,2,2,TRUE,2.4
Dioscorea rotundata,trnL,plant-candidate,on-list,22,1,TRUE,2.4
Merrillia caloxylon,trnL,plant-candidate,on-list,7,1,TRUE,2.7
Rosa x hybrida,trnL,plant-candidate,on-list,6,1,TRUE,2.5
Citrus aurantiifolia,trnL,plant-candidate,on-list,5,1,TRUE,2.9
Citrus x taitensis,trnL,plant-candidate,on-list,5,1,TRUE,2.4
Foeniculum vulgare,trnL,plant-candidate,on-list,5,1,TRUE,2.6
Rubus fruticosus,trnL,plant-candidate,on-list,5,1,TRUE,2.6
Carica pubescens,trnL,plant-candidate,on-list,4,1,TRUE,2.7
Citrus latifolia,trnL,plant-candidate,on-list,4,1,TRUE,3
Inga feuilleei,trnL,plant-candidate,on-list,4,1,TRUE,2.5
Kyllinga brevifolia,trnL,plant-candidate,on-list,4,1,TRUE,2.4
Passiflora mollissima,trnL,plant-candidate,on-list,4,1,TRUE,2.5
Passiflora pinnatistipula,trnL,plant-candidate,on-list,4,1,TRUE,2.4
Vasconcellea pubescens,trnL,plant-candidate,on-list,4,1,TRUE,2.7
Aquilegia caerulea,trnL,plant-candidate,on-list,3,1,TRUE,2.5
Brassica oleracea var. gemmifera,trnL,plant-candidate,on-list,3,1,TRUE,2.6
Proboscidea louisianica,trnL,plant-candidate,on-list,3,1,TRUE,3.9
Sechium edule,trnL,plant-candidate,on-list,2,1,TRUE,2.6
Acer nigrum,trnL,plant-candidate,on-list,2,1,TRUE,2.6
Brassica oleracea var. gongylodes,trnL,plant-candidate,on-list,2,1,TRUE,2.6
Brassica rapa subsp. oleifera,trnL,plant-candidate,on-list,2,1,TRUE,2.4
Ceratotheca sesamoides,trnL,plant-candidate,on-list,2,1,TRUE,2.7
Erioglossum rubiginosum,trnL,plant-candidate,on-list,2,1,TRUE,2.9
Paullinia cupana,trnL,plant-candidate,on-list,2,1,TRUE,2.8
Petunia hybrida,trnL,plant-candidate,on-list,2,1,TRUE,2.6
Sorbus domestica,trnL,plant-candidate,on-list,1,1,TRUE,2.4
Triticum araraticum,trnL,plant-candidate,on-list,2,1,TRUE,2.5
Triticum turgidum subsp. dicoccoides,trnL,plant-candidate,on-list,2,1,TRUE,2.9
Ananas parguazensis,trnL,plant-candidate,on-list,1,1,TRUE,2.5
Argania spinosa,trnL,plant-candidate,on-list,1,1,TRUE,2.5
Brassica oleracea var. italica,trnL,plant-candidate,on-list,1,1,TRUE,2.3
Chenopodium bonus-henricus,trnL,plant-candidate,on-list,1,1,TRUE,2.5
Dialium indum,trnL,plant-candidate,on-list,1,1,TRUE,2.4
Hibiscus tiliaceus,trnL,plant-candidate,on-list,1,1,TRUE,3.1
Lansium parasiticum,trnL,plant-candidate,on-list,1,1,TRUE,2.4
Lucuma campechiana,trnL,plant-candidate,on-list,1,1,TRUE,2.9
Nopalea dejecta,trnL,plant-candidate,on-list,1,1,TRUE,3
Phyllanthus acidus,trnL,plant-candidate,on-list,1,1,TRUE,2.4
Phyllanthus emblica,trnL,plant-candidate,on-list,1,1,TRUE,2.8
Sauropus androgynus,trnL,plant-candidate,on-list,1,1,TRUE,2.5
Triticum durum,trnL,plant-candidate,on-list,1,1,TRUE,2.3
Triticum turgidum subsp. durum,trnL,plant-candidate,on-list,1,1,TRUE,2.6
Urena lobata,trnL,plant-candidate,on-list,1,1,TRUE,2.5
Vigna unguiculata subsp. sesquipedalis,trnL,plant-candidate,on-list,1,1,TRUE,2.6
Trionyx sinensis,12S,vertebrate-candidate,on-list,125,23,TRUE,3.2
Pomatomus saltatrix,12S,vertebrate-candidate,on-list,26,13,TRUE,2.7
Ctenopharyngodon idellus,12S,vertebrate-candidate,on-list,13,9,TRUE,2.8
Rana catesbeiana,12S,vertebrate-candidate,on-list,29,8,TRUE,3
Catla catla,12S,vertebrate-candidate,on-list,11,8,TRUE,2.8
Gibelion catla,12S,vertebrate-candidate,on-list,11,8,TRUE,3
Raja eglanteria,12S,vertebrate-candidate,on-list,18,7,TRUE,2.5
Myliobatis freminvillii,12S,vertebrate-candidate,on-list,11,7,TRUE,2.8
Leiognathus equulus,12S,vertebrate-candidate,on-list,10,7,TRUE,2.6
Pennahia anea,12S,vertebrate-candidate,on-list,8,7,TRUE,2.6
Epinephelus niveatus,12S,vertebrate-candidate,on-list,6,6,TRUE,2.6
Esox americanus vermiculatus,12S,vertebrate-candidate,on-list,6,6,TRUE,2.7
Kyphosus sectator,12S,vertebrate-candidate,on-list,13,5,TRUE,2.6
Leucoraja erinacea,12S,vertebrate-candidate,on-list,11,5,TRUE,2.5
Zenopsis conchifera,12S,vertebrate-candidate,on-list,9,5,TRUE,2.9
Zenopsis nebulosa,12S,vertebrate-candidate,on-list,9,5,TRUE,2.3
Esox americanus americanus,12S,vertebrate-candidate,on-list,10,4,TRUE,2.5
Paracaesio xanthura,12S,vertebrate-candidate,on-list,6,4,TRUE,2.5
Barbonymus schwanenfeldii,12S,vertebrate-candidate,on-list,6,4,TRUE,3
Crenimugil crenilabis,12S,vertebrate-candidate,on-list,6,4,TRUE,2.9
Liza grandisquamis,12S,vertebrate-candidate,on-list,5,4,TRUE,2.9
Catostomus columbianus,12S,vertebrate-candidate,on-list,4,4,TRUE,2.4
Osmerus dentex,12S,vertebrate-candidate,on-list,7,3,TRUE,2.5
Osmerus mordax dentex,12S,vertebrate-candidate,on-list,7,3,TRUE,2.7
Osphronemus goramy?,12S,vertebrate-candidate,on-list,5,3,TRUE,2.5
Cephalophus natalensis,12S,vertebrate-candidate,on-list,3,3,TRUE,3.2
Limanda ferruginea,12S,vertebrate-candidate,on-list,3,3,TRUE,2.5
Limanda proboscidea,12S,vertebrate-candidate,on-list,3,3,TRUE,2.7
Manta birostris,12S,vertebrate-candidate,on-list,19,2,TRUE,2.6
Archosargus probatocephalus,12S,vertebrate-candidate,on-list,20,2,TRUE,2.5
Dentex tumifrons,12S,vertebrate-candidate,on-list,6,2,TRUE,2.6
Cypselurus agoo,12S,vertebrate-candidate,on-list,5,2,TRUE,2.6
Raja rhina,12S,vertebrate-candidate,on-list,5,2,TRUE,2.6
Puntius sarana,12S,vertebrate-candidate,on-list,4,2,TRUE,2.5
Raja binoculata,12S,vertebrate-candidate,on-list,4,2,TRUE,2.6
Raja stellulata,12S,vertebrate-candidate,on-list,3,2,TRUE,2.8
Salmostoma bacaila,12S,vertebrate-candidate,on-list,3,2,TRUE,3.3
Epinephelus nigritus,12S,vertebrate-candidate,on-list,2,2,TRUE,2.4
Lactophrys triqueter,12S,vertebrate-candidate,on-list,2,2,TRUE,2.8
Leporinus obtusidens,12S,vertebrate-candidate,on-list,2,2,TRUE,2.9
Otolithoides pama,12S,vertebrate-candidate,on-list,2,2,TRUE,2.4
Pseudotolithus senegalensis,12S,vertebrate-candidate,on-list,2,2,TRUE,2.7
Sardinella janeiro,12S,vertebrate-candidate,on-list,2,2,TRUE,2.8
Somileptus gongota,12S,vertebrate-candidate,on-list,2,2,TRUE,2.5
Thyrsitops lepidopoides,12S,vertebrate-candidate,on-list,2,2,TRUE,2.3
Sardinops melanostictus,12S,vertebrate-candidate,on-list,451,1,TRUE,4.6
Pristipomoides typus,12S,vertebrate-candidate,on-list,2,1,TRUE,2.6
Pseudopentaceros wheeleri,12S,vertebrate-candidate,on-list,6,1,TRUE,2.4
Genyonemus lineatus,12S,vertebrate-candidate,on-list,4,1,TRUE,2.4
Lethrinus xanthochilus,12S,vertebrate-candidate,on-list,4,1,TRUE,2.6
Rhacochilus vacca,12S,vertebrate-candidate,on-list,3,1,TRUE,3.2
Galeoides decadactylus,12S,vertebrate-candidate,on-list,2,1,TRUE,2.3
Pangasius gigas,12S,vertebrate-candidate,on-list,2,1,TRUE,2.8
Sciades herzbergii,12S,vertebrate-candidate,on-list,2,1,TRUE,2.5
Caelorinchus fasciatus,12S,vertebrate-candidate,on-list,1,1,TRUE,2.7
Clupea bentincki,12S,vertebrate-candidate,on-list,1,1,TRUE,2.5
Equetus punctatus,12S,vertebrate-candidate,on-list,1,1,TRUE,3
Haemulon chrysargyreum,12S,vertebrate-candidate,on-list,1,1,TRUE,2.4
Acanthurus gahhm,12S,vertebrate-candidate,on-list,1,1,TRUE,2.7
Laminaria japonica,trnL,plant-candidate,on-list,39,0,FALSE,2.8
Lycianthes moziniana,trnL,plant-candidate,on-list,31,0,FALSE,2.8
Thymus herba-barona,trnL,plant-candidate,on-list,17,0,FALSE,2.9
Citrus unshiu,trnL,plant-candidate,on-list,15,0,FALSE,2.4
Polystichum munitum,trnL,plant-candidate,on-list,15,0,FALSE,2.6
Nephelium cuspidatum,trnL,plant-candidate,on-list,8,0,FALSE,3
Salsola komarovii,trnL,plant-candidate,on-list,7,0,FALSE,2.4
Allium ledebourianum,trnL,plant-candidate,on-list,6,0,FALSE,2.5
Aloysia triphylla,trnL,plant-candidate,on-list,6,0,FALSE,2.4
Opuntia monacantha,trnL,plant-candidate,on-list,6,0,FALSE,2.4
Opuntia undulata,trnL,plant-candidate,on-list,6,0,FALSE,2.5
Pyropia yezoensis,trnL,plant-candidate,on-list,0,0,FALSE,1.3
Alpinia malaccensis,trnL,plant-candidate,on-list,5,0,FALSE,2.5
Hibiscus sabdariffa,trnL,plant-candidate,on-list,5,0,FALSE,2.5
Beta vulgaris subsp. vulgaris,trnL,plant-candidate,on-list,3,0,FALSE,2.6
Dimocarpus fumatus,trnL,plant-candidate,on-list,4,0,FALSE,2.5
Mangifera kemanga,trnL,plant-candidate,on-list,4,0,FALSE,2.4
Undaria pinnatifida,trnL,plant-candidate,on-list,2,0,FALSE,2.4
Amomum subulatum,trnL,plant-candidate,on-list,3,0,FALSE,2.5
Annona atemoya,trnL,plant-candidate,on-list,3,0,FALSE,2.6
Argyranthemum frutescens,trnL,plant-candidate,on-list,3,0,FALSE,2.6
Carica x heilbornii,trnL,plant-candidate,on-list,3,0,FALSE,2.6
Diospyros discolor,trnL,plant-candidate,on-list,3,0,FALSE,2.4
Glebionis segetum,trnL,plant-candidate,on-list,3,0,FALSE,2.5
Ocotea quixos,trnL,plant-candidate,on-list,3,0,FALSE,2.9
Scorzonera hispanica,trnL,plant-candidate,on-list,3,0,FALSE,2.6
Telopea speciosissima,trnL,plant-candidate,on-list,3,0,FALSE,2.5
Alibertia patinoi,trnL,plant-candidate,on-list,2,0,FALSE,2.5
Amaranthus cruentus,trnL,plant-candidate,on-list,2,0,FALSE,2.4
Amaranthus dubius,trnL,plant-candidate,on-list,2,0,FALSE,2.5
Amaranthus thunbergii,trnL,plant-candidate,on-list,2,0,FALSE,2.5
Baccaurea angulata,trnL,plant-candidate,on-list,2,0,FALSE,2.5
Beloperone californica,trnL,plant-candidate,on-list,2,0,FALSE,2.5
Brassica oleracea var. alboglabra,trnL,plant-candidate,on-list,2,0,FALSE,2.5
Brassica oleracea var. botrytis,trnL,plant-candidate,on-list,1,0,FALSE,2.4
Campomanesia guaviroba,trnL,plant-candidate,on-list,2,0,FALSE,2.5
Canarium schweinfurthii,trnL,plant-candidate,on-list,2,0,FALSE,2.9
Cordia africana,trnL,plant-candidate,on-list,2,0,FALSE,2.7
Costus erythrophyllus,trnL,plant-candidate,on-list,2,0,FALSE,3
Curcuma mangga,trnL,plant-candidate,on-list,2,0,FALSE,2.6
Dianthus barbatus,trnL,plant-candidate,on-list,2,0,FALSE,2.6
Garcinia madruno,trnL,plant-candidate,on-list,2,0,FALSE,2.7
Garcinia spicata,trnL,plant-candidate,on-list,2,0,FALSE,2.7
Hibiscus radiatus,trnL,plant-candidate,on-list,2,0,FALSE,2.4
Mangifera quadrifida,trnL,plant-candidate,on-list,2,0,FALSE,2.4
Nephelium maingayi,trnL,plant-candidate,on-list,2,0,FALSE,2.5
Nephelium ramboutan-ake,trnL,plant-candidate,on-list,2,0,FALSE,2.6
Nopalea cochenillifera,trnL,plant-candidate,on-list,2,0,FALSE,2.5
Opuntia leucotricha,trnL,plant-candidate,on-list,2,0,FALSE,2.6
Sechium tacaco,trnL,plant-candidate,on-list,2,0,FALSE,2.6
Triticum dicoccon,trnL,plant-candidate,on-list,1,0,FALSE,2.7
Triticum turgidum subsp. dicoccum,trnL,plant-candidate,on-list,1,0,FALSE,2.9
Victoria amazonica,trnL,plant-candidate,on-list,2,0,FALSE,2.7
Xylopia aethiopica,trnL,plant-candidate,on-list,2,0,FALSE,2.8
Zanthoxylum capense,trnL,plant-candidate,on-list,2,0,FALSE,2.5
Acronychia acidula,trnL,plant-candidate,on-list,1,0,FALSE,2.3
Agave tequilana,trnL,plant-candidate,on-list,1,0,FALSE,2.5
Alpinia zerumbet,trnL,plant-candidate,on-list,1,0,FALSE,2.8
Apium prostratum,trnL,plant-candidate,on-list,1,0,FALSE,2.8
Aponogeton distachyos,trnL,plant-candidate,on-list,1,0,FALSE,3.1
Baccaurea dulcis,trnL,plant-candidate,on-list,1,0,FALSE,2.3
Baccaurea lanceolata,trnL,plant-candidate,on-list,1,0,FALSE,3
Begonia cucullata,trnL,plant-candidate,on-list,1,0,FALSE,2.6
Brassica oleracea var. viridis,trnL,plant-candidate,on-list,1,0,FALSE,2.6
Bromelia pinguin,trnL,plant-candidate,on-list,1,0,FALSE,2.8
Cichorium endivia,trnL,plant-candidate,on-list,1,0,FALSE,2.2
Cola nitida,trnL,plant-candidate,on-list,1,0,FALSE,2.4
Commelina diffusa,trnL,plant-candidate,on-list,1,0,FALSE,2.7
Costus productus,trnL,plant-candidate,on-list,1,0,FALSE,2.5
Dovyalis caffra,trnL,plant-candidate,on-list,1,0,FALSE,2.5
Durio dulcis,trnL,plant-candidate,on-list,1,0,FALSE,2.4
Durio graveolens,trnL,plant-candidate,on-list,1,0,FALSE,2.9
Durio kutejensis,trnL,plant-candidate,on-list,1,0,FALSE,2.9
Flindersia maculosa,trnL,plant-candidate,on-list,1,0,FALSE,2.4
Fuchsia x hybrida,trnL,plant-candidate,on-list,0,0,FALSE,1.2
Garcinia indica,trnL,plant-candidate,on-list,1,0,FALSE,2.6
Garcinia intermedia,trnL,plant-candidate,on-list,1,0,FALSE,2.6
Gladiolus grandiflorus,trnL,plant-candidate,on-list,1,0,FALSE,2.5
Hua gaboni,trnL,plant-candidate,on-list,1,0,FALSE,2.6
Ipomoea eriocarpa,trnL,plant-candidate,on-list,1,0,FALSE,2.5
Irvingia gabonensis,trnL,plant-candidate,on-list,1,0,FALSE,2.5
Malus turkmenorum,trnL,plant-candidate,on-list,0,0,FALSE,1.1
Manilkara jaimiqui,trnL,plant-candidate,on-list,1,0,FALSE,2.6
Manilkara kauki,trnL,plant-candidate,on-list,1,0,FALSE,2.4
Microlaena stipoides,trnL,plant-candidate,on-list,1,0,FALSE,2.6
Opuntia boldinghii,trnL,plant-candidate,on-list,1,0,FALSE,2.8
Opuntia robusta,trnL,plant-candidate,on-list,1,0,FALSE,2.5
Opuntia stricta,trnL,plant-candidate,on-list,1,0,FALSE,2.6
Pinus coulteri,trnL,plant-candidate,on-list,1,0,FALSE,2.7
Pyropia tenera,trnL,plant-candidate,on-list,0,0,FALSE,1.5
Ribes uva-crispa,trnL,plant-candidate,on-list,1,0,FALSE,2.4
Rubus allegheniensis,trnL,plant-candidate,on-list,1,0,FALSE,2.6
Rubus hybrid cultivar,trnL,plant-candidate,on-list,1,0,FALSE,2.5
Rubus laciniatus,trnL,plant-candidate,on-list,1,0,FALSE,2.8
Salicornia quinqueflora,trnL,plant-candidate,on-list,1,0,FALSE,2.5
Solanum uporo,trnL,plant-candidate,on-list,1,0,FALSE,2.3
Sterculia parviflora,trnL,plant-candidate,on-list,1,0,FALSE,2.3
Triticum turgidum subsp. carthlicum,trnL,plant-candidate,on-list,0,0,FALSE,1.5
Vaccinium tenellum,trnL,plant-candidate,on-list,1,0,FALSE,2.5
Viola odorata,trnL,plant-candidate,on-list,1,0,FALSE,2.6
Hexagrammos octogrammus,12S,vertebrate-candidate,on-list,47,0,FALSE,2.7
Lutjanus johnii,12S,vertebrate-candidate,on-list,19,0,FALSE,3.4
Mullus barbatus,12S,vertebrate-candidate,on-list,17,0,FALSE,2.4
Myxine glutinosa,12S,vertebrate-candidate,on-list,15,0,FALSE,3.4
Merluccius paradoxus,12S,vertebrate-candidate,on-list,14,0,FALSE,2.5
Scardinius erythrophthalmus,12S,vertebrate-candidate,on-list,12,0,FALSE,2.4
Genypterus capensis,12S,vertebrate-candidate,on-list,13,0,FALSE,2.6
Acanthopagrus berda,12S,vertebrate-candidate,on-list,12,0,FALSE,2.3
Austroglossus microlepis,12S,vertebrate-candidate,on-list,11,0,FALSE,2.5
Carcharhinus porosus,12S,vertebrate-candidate,on-list,11,0,FALSE,2.7
Brama brama,12S,vertebrate-candidate,on-list,10,0,FALSE,2.5
Mycteroperca jordani,12S,vertebrate-candidate,on-list,9,0,FALSE,2.9
Austroglossus pectoralis,12S,vertebrate-candidate,on-list,8,0,FALSE,2.5
Oligoplites saurus,12S,vertebrate-candidate,on-list,8,0,FALSE,2.9
Seriolella brama,12S,vertebrate-candidate,on-list,8,0,FALSE,2.6
Arripis georgianus,12S,vertebrate-candidate,on-list,1,0,FALSE,2.4
Parachanna obscura,12S,vertebrate-candidate,on-list,7,0,FALSE,2.5
Symphorus nematophorus,12S,vertebrate-candidate,on-list,1,0,FALSE,3.4
Upeneus parvus,12S,vertebrate-candidate,on-list,7,0,FALSE,2.4
Zeus capensis,12S,vertebrate-candidate,on-list,7,0,FALSE,2.7
Microchirus variegatus,12S,vertebrate-candidate,on-list,4,0,FALSE,2.8
Micropterus treculii,12S,vertebrate-candidate,on-list,6,0,FALSE,2.4
Mobula thurstoni,12S,vertebrate-candidate,on-list,6,0,FALSE,3
Parupeneus cyclostomus,12S,vertebrate-candidate,on-list,6,0,FALSE,2.5
Pterogymnus laniarius,12S,vertebrate-candidate,on-list,6,0,FALSE,3.1
Centrolophus niger,12S,vertebrate-candidate,on-list,6,0,FALSE,2.6
Centropomus mexicanus,12S,vertebrate-candidate,on-list,6,0,FALSE,2.6
Epigonus telescopus,12S,vertebrate-candidate,on-list,6,0,FALSE,2.7
Alosa alosa,12S,vertebrate-candidate,on-list,4,0,FALSE,2.8
Centroberyx affinis,12S,vertebrate-candidate,on-list,4,0,FALSE,3.3
Centroberyx gerrardi,12S,vertebrate-candidate,on-list,3,0,FALSE,2.7
Cyclopsetta chittendeni,12S,vertebrate-candidate,on-list,5,0,FALSE,2.6
Allosmerus elongatus,12S,vertebrate-candidate,on-list,4,0,FALSE,2.5
Glyptocephalus cynoglossus,12S,vertebrate-candidate,on-list,4,0,FALSE,2.5
Plectorhinchus lineatus,12S,vertebrate-candidate,on-list,4,0,FALSE,2.4
Psettodes belcheri,12S,vertebrate-candidate,on-list,4,0,FALSE,3.3
Scomberomorus sierra,12S,vertebrate-candidate,on-list,4,0,FALSE,2.6
Sebastes nigrocinctus,12S,vertebrate-candidate,on-list,4,0,FALSE,2.4
Sphyrna tudes,12S,vertebrate-candidate,on-list,4,0,FALSE,2.4
Spirinchus starksi,12S,vertebrate-candidate,on-list,4,0,FALSE,2.7
Stenotomus caprinus,12S,vertebrate-candidate,on-list,4,0,FALSE,2.3
Tilapia rendalli,12S,vertebrate-candidate,on-list,4,0,FALSE,2.6
Aetobatus narinari,12S,vertebrate-candidate,on-list,3,0,FALSE,2.5
Ammodytes americanus,12S,vertebrate-candidate,on-list,3,0,FALSE,2.9
Anisotremus interruptus,12S,vertebrate-candidate,on-list,3,0,FALSE,2.4
Apocryptes bato,12S,vertebrate-candidate,on-list,3,0,FALSE,2.3
Carcharhinus isodon,12S,vertebrate-candidate,on-list,3,0,FALSE,2.5
Cleisthenes pinetorum,12S,vertebrate-candidate,on-list,3,0,FALSE,3.4
Dentex dentex,12S,vertebrate-candidate,on-list,3,0,FALSE,2.6
Epinephelus poecilonotus,12S,vertebrate-candidate,on-list,3,0,FALSE,2.5
Kuhlia marginata,12S,vertebrate-candidate,on-list,3,0,FALSE,2.4
Limanda punctatissima,12S,vertebrate-candidate,on-list,3,0,FALSE,2.7
Lutjanus aratus,12S,vertebrate-candidate,on-list,3,0,FALSE,2.5
Microstomus kitt,12S,vertebrate-candidate,on-list,3,0,FALSE,3
Pangasius sanitwongsei,12S,vertebrate-candidate,on-list,3,0,FALSE,2.6
Puntius sophore,12S,vertebrate-candidate,on-list,3,0,FALSE,3.1
Raja inornata,12S,vertebrate-candidate,on-list,3,0,FALSE,2.7
Saurida elongata,12S,vertebrate-candidate,on-list,3,0,FALSE,2.5
Scophthalmus rhombus,12S,vertebrate-candidate,on-list,3,0,FALSE,2.7
Bothus ocellatus,12S,vertebrate-candidate,on-list,2,0,FALSE,2.5
Cheilopogon exsiliens,12S,vertebrate-candidate,on-list,2,0,FALSE,2.8
Chelidonichthys lucernus,12S,vertebrate-candidate,on-list,2,0,FALSE,2.6
Cyttus novaezealandiae,12S,vertebrate-candidate,on-list,2,0,FALSE,2.7
Dicentrarchus punctatus,12S,vertebrate-candidate,on-list,2,0,FALSE,2.4
Hermosilla azurea,12S,vertebrate-candidate,on-list,2,0,FALSE,2.7
Hoplopagrus guentherii,12S,vertebrate-candidate,on-list,2,0,FALSE,2.7
Hoplostethus atlanticus,12S,vertebrate-candidate,on-list,2,0,FALSE,2.4
Ilisha africana,12S,vertebrate-candidate,on-list,2,0,FALSE,2.3
Medialuna californiensis,12S,vertebrate-candidate,on-list,2,0,FALSE,3
Mycteroperca phenax,12S,vertebrate-candidate,on-list,2,0,FALSE,2.4
Myliobatis californica,12S,vertebrate-candidate,on-list,2,0,FALSE,2.3
Narcine brasiliensis,12S,vertebrate-candidate,on-list,2,0,FALSE,2.6
Opsanus pardus,12S,vertebrate-candidate,on-list,2,0,FALSE,2.5
Paralabrax clathratus,12S,vertebrate-candidate,on-list,2,0,FALSE,2.5
Paralichthys patagonicus,12S,vertebrate-candidate,on-list,2,0,FALSE,3.1
Raja texana,12S,vertebrate-candidate,on-list,2,0,FALSE,2.4
Sardinops ocellatus,12S,vertebrate-candidate,on-list,2,0,FALSE,2.4
Scomberomorus regalis,12S,vertebrate-candidate,on-list,2,0,FALSE,2.4
Sebastes borealis,12S,vertebrate-candidate,on-list,2,0,FALSE,2.5
Sebastes carnatus,12S,vertebrate-candidate,on-list,2,0,FALSE,2.9
Serranus atricauda,12S,vertebrate-candidate,on-list,2,0,FALSE,2.6
Squatina californica,12S,vertebrate-candidate,on-list,2,0,FALSE,2.4
Symphorichthys spilurus,12S,vertebrate-candidate,on-list,2,0,FALSE,2.3
Urophycis brasiliensis,12S,vertebrate-candidate,on-list,2,0,FALSE,2.6
Ambloplites cavifrons,12S,vertebrate-candidate,on-list,1,0,FALSE,2.7
Apsilus dentatus,12S,vertebrate-candidate,on-list,1,0,FALSE,2.6
Argentina sphyraena,12S,vertebrate-candidate,on-list,1,0,FALSE,2.5
Argyrosomus hololepidotus,12S,vertebrate-candidate,on-list,1,0,FALSE,2.6
Atractoscion nobilis,12S,vertebrate-candidate,on-list,1,0,FALSE,3.2
Calamus arctifrons,12S,vertebrate-candidate,on-list,1,0,FALSE,3.2
Carcharhinus altimus,12S,vertebrate-candidate,on-list,1,0,FALSE,2.4
Carcharhinus signatus,12S,vertebrate-candidate,on-list,1,0,FALSE,2.5
Chironemus marmoratus,12S,vertebrate-candidate,on-list,1,0,FALSE,2.7
Chlorurus gibbus,12S,vertebrate-candidate,on-list,1,0,FALSE,2.8
Citharichthys sordidus,12S,vertebrate-candidate,on-list,1,0,FALSE,2.5
Corica soborna,12S,vertebrate-candidate,on-list,1,0,FALSE,2.4
Cynoscion parvipinnis,12S,vertebrate-candidate,on-list,1,0,FALSE,2.5
Elops affinis,12S,vertebrate-candidate,on-list,1,0,FALSE,2.4
Embassichthys bathybius,12S,vertebrate-candidate,on-list,1,0,FALSE,2.4
Epinephelus analogus,12S,vertebrate-candidate,on-list,1,0,FALSE,2.9
Epinephelus diacanthus,12S,vertebrate-candidate,on-list,1,0,FALSE,2.4
Epinephelus heniochus,12S,vertebrate-candidate,on-list,1,0,FALSE,2.5
Epinephelus mystacinus,12S,vertebrate-candidate,on-list,1,0,FALSE,2.6
Equus africanus asinus,12S,vertebrate-candidate,on-list,1,0,FALSE,2.6
Girella nigricans,12S,vertebrate-candidate,on-list,1,0,FALSE,3
Gymnachirus melas,12S,vertebrate-candidate,on-list,1,0,FALSE,3.5
Hypsophrys nicaraguensis,12S,vertebrate-candidate,on-list,1,0,FALSE,2.7
Lampris immaculatus,12S,vertebrate-candidate,on-list,1,0,FALSE,2.4
Latris lineata,12S,vertebrate-candidate,on-list,1,0,FALSE,2.6
Lethrinus miniatus,12S,vertebrate-candidate,on-list,1,0,FALSE,2.7
Lutjanus guttatus,12S,vertebrate-candidate,on-list,1,0,FALSE,2.8
Macruronus magellanicus,12S,vertebrate-candidate,on-list,1,0,FALSE,2.4
Mora moro,12S,vertebrate-candidate,on-list,1,0,FALSE,2.4
Mulloidichthys dentatus,12S,vertebrate-candidate,on-list,1,0,FALSE,2.8
Ophichthus rex,12S,vertebrate-candidate,on-list,1,0,FALSE,2.8
Parancistrus aurantiacus,12S,vertebrate-candidate,on-list,1,0,FALSE,2.4
Paranotothenia magellanica,12S,vertebrate-candidate,on-list,1,0,FALSE,2.6
Pellona ditchela,12S,vertebrate-candidate,on-list,1,0,FALSE,2.4
Pleuronichthys decurrens,12S,vertebrate-candidate,on-list,1,0,FALSE,2.5
Polyprion oxygeneios,12S,vertebrate-candidate,on-list,1,0,FALSE,2.4
Pristipomoides flavipinnis,12S,vertebrate-candidate,on-list,1,0,FALSE,2.4
Pseudapocryptes elongatus,12S,vertebrate-candidate,on-list,1,0,FALSE,2.6
Puntius chola,12S,vertebrate-candidate,on-list,1,0,FALSE,3.1
Rhinobatos lentiginosus,12S,vertebrate-candidate,on-list,1,0,FALSE,2.3
Rhombosolea leporina,12S,vertebrate-candidate,on-list,1,0,FALSE,2.4
Rhombosolea tapirina,12S,vertebrate-candidate,on-list,1,0,FALSE,3.1
Samariscus triocellatus,12S,vertebrate-candidate,on-list,1,0,FALSE,2.6
Sarda chiliensis,12S,vertebrate-candidate,on-list,1,0,FALSE,2.7
Sardinella fimbriata,12S,vertebrate-candidate,on-list,1,0,FALSE,2.7
Sciades parkeri,12S,vertebrate-candidate,on-list,1,0,FALSE,2.6
Sebastes atrovirens,12S,vertebrate-candidate,on-list,1,0,FALSE,2.5
Sebastes capensis,12S,vertebrate-candidate,on-list,1,0,FALSE,2.7
Sebastes chlorostictus,12S,vertebrate-candidate,on-list,1,0,FALSE,2.5
Sebastes chrysomelas,12S,vertebrate-candidate,on-list,1,0,FALSE,2.3
Sebastes ensifer,12S,vertebrate-candidate,on-list,1,0,FALSE,2.4
Sebastes gilli,12S,vertebrate-candidate,on-list,1,0,FALSE,2.5
Sebastes lentiginosus,12S,vertebrate-candidate,on-list,1,0,FALSE,2.5
Sebastes levis,12S,vertebrate-candidate,on-list,1,0,FALSE,2.6
Sebastes melanosema,12S,vertebrate-candidate,on-list,1,0,FALSE,2.5
Sebastes phillipsi,12S,vertebrate-candidate,on-list,1,0,FALSE,2.3
Sebastes rastrelliger,12S,vertebrate-candidate,on-list,1,0,FALSE,2.4
Sebastes rufinanus,12S,vertebrate-candidate,on-list,1,0,FALSE,3.1
Sebastes serranoides,12S,vertebrate-candidate,on-list,1,0,FALSE,2.6
Sebastes serriceps,12S,vertebrate-candidate,on-list,1,0,FALSE,2.8
Seriolella punctata,12S,vertebrate-candidate,on-list,1,0,FALSE,2.4
Sillago domina,12S,vertebrate-candidate,on-list,1,0,FALSE,2.4
Sphyraena ensis,12S,vertebrate-candidate,on-list,1,0,FALSE,2.6
Stromateus brasiliensis,12S,vertebrate-candidate,on-list,1,0,FALSE,2.4
Triportheus elongatus,12S,vertebrate-candidate,on-list,1,0,FALSE,2.3
Varanus giganteus,12S,vertebrate-candidate,on-list,1,0,FALSE,2.7
