scientific_name,marker,ncbi_hits,common_name,source
Acanthistius brasilianus,12,0,sea bass,"FDA The Seafood List, 2023/07/21"
Acanthocardia aculeata,12,0,cockle,"FDA The Seafood List, 2023/07/21"
Acanthocardia tuberculata,12,0,cockle,"FDA The Seafood List, 2023/07/21"
Ailichthys punctatus,12,0,kajuli,"FDA The Seafood List, 2023/07/21"
Alectis indicus,12,0,jack,"FDA The Seafood List, 2023/07/21"
Allothunnus fallai,12,0,tuna,"FDA The Seafood List, 2023/07/21"
Alosa agone,12,0,shad,"FDA The Seafood List, 2023/07/21"
Ameiurus platycephalus,12,0,bullhead,"FDA The Seafood List, 2023/07/21"
Amphilophus alfari,12,0,cichlid,"FDA The Seafood List, 2023/07/21"
Amphilophus longimanus,12,0,cichlid,"FDA The Seafood List, 2023/07/21"
Anacridium melanorhodon melanorhodon,12,0,tree locust,"Halloran, Flore, Vantomme, Roos, ""Edible Insects in Sustainable Food Systems"""
Anadara baughmani,12,0,arkshell,"FDA The Seafood List, 2023/07/21"
Anadara subcrenata,12,0,arkshell,"FDA The Seafood List, 2023/07/21"
Anaphe panda,12,0,silk worm,"Halloran, Flore, Vantomme, Roos, ""Edible Insects in Sustainable Food Systems"""
Anchoa compressa,12,0,anchovy,"FDA The Seafood List, 2023/07/21"
Anchoviella perfasciata,12,0,anchovy,"FDA The Seafood List, 2023/07/21"
Anisotremus davidsonii,12,0,grunt,"FDA The Seafood List, 2023/07/21"
Anisotremus taeniatus,12,0,grunt,"FDA The Seafood List, 2023/07/21"
Apsilus fuscus,12,0,snapper,"FDA The Seafood List, 2023/07/21"
Arca imbricata,12,0,arkshell,"FDA The Seafood List, 2023/07/21"
Arca noae,12,0,arkshell,"FDA The Seafood List, 2023/07/21"
Arca zebra,12,0,arkshell,"FDA The Seafood List, 2023/07/21"
Arctogadus borisovi,12,0,cod,"FDA The Seafood List, 2023/07/21"
Ardeotis australis,12,0,australian bustard,"Newton, ""The Oldest Foods on Earth"""
Argentina elongata,12,0,argentine,"FDA The Seafood List, 2023/07/21"
Argopecten aequisulcatus,12,0,scallop,"FDA The Seafood List, 2023/07/21"
Argopecten lineolaris,12,0,scallop,"FDA The Seafood List, 2023/07/21"
Arnoglossus scapha,12,0,flounder,"FDA The Seafood List, 2023/07/21"
Aspongopus nepalensis,12,0,stink bug,"Halloran, Flore, Vantomme, Roos, ""Edible Insects in Sustainable Food Systems"""
Atrina serrata,12,0,penshell,"FDA The Seafood List, 2023/07/21"
Aulacomya ater,12,0,mussel,"FDA The Seafood List, 2023/07/21"
Austrovenus stutchburyi,12,0,venus clam,"FDA The Seafood List, 2023/07/21"
Barbatia cancellaria,12,0,arkshell,"FDA The Seafood List, 2023/07/21"
Basilichthys australis,12,0,silverside,"FDA The Seafood List, 2023/07/21"
Bathycongrus aequoreus,12,0,conger eel,"FDA The Seafood List, 2023/07/21"
Bathyraja trachura,12,0,skate,"FDA The Seafood List, 2023/07/21"
Batocera roylei,12,0,beetle,"Halloran, Flore, Vantomme, Roos, ""Edible Insects in Sustainable Food Systems"""
Batrachoides surinamensis,12,0,toadfish,"FDA The Seafood List, 2023/07/21"
Bodianus scrofa,12,0,hogfish,"FDA The Seafood List, 2023/07/21"
Brama australis,12,0,pomfret,"FDA The Seafood List, 2023/07/21"
Brotula clarkae,12,0,brotula,"FDA The Seafood List, 2023/07/21"
Busycotypus spiratus,12,0,whelk,"FDA The Seafood List, 2023/07/21"
Calamus leucosteus,12,0,porgy,"FDA The Seafood List, 2023/07/21"
Callinectes amnicola,12,0,swimming crab,"FDA The Seafood List, 2023/07/21"
Cancer anthonyi,12,0,yellow rock crab,"FDA The Seafood List, 2023/07/21"
Cancer borealis,12,0,jonah crab,SJ
Cancer irroratus,12,0,atlantic rock crab,SJ
Cancer productus,12,0,rock crab,"FDA The Seafood List, 2023/07/21"
Carcinus aestuari,12,0,mediterranean green crab,"FDA The Seafood List, 2023/07/21"
Carebara vidua,12,0,black ant,"Halloran, Flore, Vantomme, Roos, ""Edible Insects in Sustainable Food Systems"""
Caulolatilus affinis,12,0,tilefish,"FDA The Seafood List, 2023/07/21"
Caulolatilus chrysops,12,0,tilefish,"FDA The Seafood List, 2023/07/21"
Caulolatilus princeps,12,0,tilefish,"FDA The Seafood List, 2023/07/21"
Cerax quadricarinatus,12,0,red claw crayfish,FAO Cultured Aquatic Species Fact Sheets
Cervimunida johni,12,0,squat lobster,SJ
Cetengraulis mysticetus,12,0,anchovy,"FDA The Seafood List, 2023/07/21"
Chaceon afiinis,12,0,deep sea crab,"FDA The Seafood List, 2023/07/21"
Chaceon fenneri,12,0,golden crab,"FDA The Seafood List, 2023/07/21"
Chaceon maritae,12,0,red crab,"FDA The Seafood List, 2023/07/21"
Chaceon quinquedens,12,0,red crab,"FDA The Seafood List, 2023/07/21"
Chaetodipterus zonatus,12,0,spadefish,"FDA The Seafood List, 2023/07/21"
Chaoborus edulis,12,0,glass worm,"Halloran, Flore, Vantomme, Roos, ""Edible Insects in Sustainable Food Systems"""
Chascanopsetta crumenalis,12,0,flounder,"FDA The Seafood List, 2023/07/21"
Cheilodactylus spectabilis,12,0,morwong,"FDA The Seafood List, 2023/07/21"
Cheilopogon heterurus hubbsi,12,0,flyingfish,"FDA The Seafood List, 2023/07/21"
Cheilotrema saturnum,12,0,croaker,"FDA The Seafood List, 2023/07/21"
Chione californiensis,12,0,venus clam,"FDA The Seafood List, 2023/07/21"
Chione undatella,12,0,venus clam,"FDA The Seafood List, 2023/07/21"
Chionista fluctifraga,12,0,venus clam,"FDA The Seafood List, 2023/07/21"
Chionoecetes angulatus,12,0,snow crab,"FDA The Seafood List, 2023/07/21"
Chionoecetes tanneri,12,0,snow crab,"FDA The Seafood List, 2023/07/21"
Chirostoma jordani,12,0,charal,"FDA The Seafood List, 2023/07/21"
Chlamys albida,12,0,scallop,"FDA The Seafood List, 2023/07/21"
Chlamys circularis aequisculata,12,0,scallop,"FDA The Seafood List, 2023/07/21"
Chlamys opercularis,12,0,scallop,"FDA The Seafood List, 2023/07/21"
Chlamys patagonica,12,0,scallop,"FDA The Seafood List, 2023/07/21"
Chlamys purpurata,12,0,scallop,"FDA The Seafood List, 2023/07/21"
Chlamys vitrea,12,0,scallop,"FDA The Seafood List, 2023/07/21"
Chloroscombrus orqueta,12,0,bumper,"FDA The Seafood List, 2023/07/21"
Chlorurus perspicillatus,12,0,parrotfish,"FDA The Seafood List, 2023/07/21"
Cichla orinocensis,12,0,cichlid,"FDA The Seafood List, 2023/07/21"
Ciliata septentrionalis,12,0,rockling,"FDA The Seafood List, 2023/07/21"
Cilus gilberti,12,0,corvina,"FDA The Seafood List, 2023/07/21"
Clarias anguillaris,12,0,clarias fish,"FDA The Seafood List, 2023/07/21"
Clarias gariepinus x Clarias macrocephalus,12,0,clarias fish,"FDA The Seafood List, 2023/07/21"
Clinocardium californiense,12,0,cockle,"FDA The Seafood List, 2023/07/21"
Clinocardium nuttallii,12,0,cockle,"FDA The Seafood List, 2023/07/21"
Coilia ramcarati,12,0,anchovy,"FDA The Seafood List, 2023/07/21"
Colistium guntheri,12,0,flounder,"FDA The Seafood List, 2023/07/21"
Conger cinereus marginatus,12,0,conger eel,"FDA The Seafood List, 2023/07/21"
Conger oligoporus,12,0,conger eel,"FDA The Seafood List, 2023/07/21"
Congiopodus leucopaecilus,12,0,racehorse,"FDA The Seafood List, 2023/07/21"
Coregonus alpenae,12,0,cisco,"FDA The Seafood List, 2023/07/21"
Coregonus kiyi,12,0,chub,"FDA The Seafood List, 2023/07/21"
Coregonus pidschian,12,0,whitefish,"FDA The Seafood List, 2023/07/21"
Coregonus reighardi,12,0,cisco,"FDA The Seafood List, 2023/07/21"
Corvula batabana,12,0,croaker,"FDA The Seafood List, 2023/07/21"
Corvula sanctaeluciae,12,0,croaker,"FDA The Seafood List, 2023/07/21"
Crangon franciscorum,12,0,california shrimp,"FDA The Seafood List, 2023/07/21"
Crangon septemspinosa,12,0,shrimp,"FDA The Seafood List, 2023/07/21"
Crassostrea chilensis,12,0,oyster,"FDA The Seafood List, 2023/07/21"
Crassostrea gigas kumamoto,12,0,oyster,"FDA The Seafood List, 2023/07/21"
Crassostrea glomerata,12,0,oyster,"FDA The Seafood List, 2023/07/21"
Crassostrea skiamea,12,0,oyster,"FDA The Seafood List, 2023/07/21"
Crassostrea virginica,12,0,american cupped oyster,FAO Cultured Aquatic Species Fact Sheets
Cybiosarda elegans,12,0,bonito,"FDA The Seafood List, 2023/07/21"
Cyclochila virens,12,0,northern greengrocer,"Halloran, Flore, Vantomme, Roos, ""Edible Insects in Sustainable Food Systems"""
Cynoscion acoupa,12,0,weakfish,"FDA The Seafood List, 2023/07/21"
Cynoscion othonopterus,12,0,croaker,"FDA The Seafood List, 2023/07/21"
Cynoscion virescens,12,0,weakfish,"FDA The Seafood List, 2023/07/21"
Cypselurus comatus,12,0,flyingfish,"FDA The Seafood List, 2023/07/21"
Cypselurus simus,12,0,flyingfish,"FDA The Seafood List, 2023/07/21"
Cyriopagopus albostriatus,12,0,thailand zebra leg tarantula,"Halloran, Flore, Vantomme, Roos, ""Edible Insects in Sustainable Food Systems"""
Cyrtodaria siliqua,12,0,propeller clam,"FDA The Seafood List, 2023/07/21"
Decapterus koheru,12,0,scad,"FDA The Seafood List, 2023/07/21"
Decapterus scombrinus,12,0,scad,"FDA The Seafood List, 2023/07/21"
Diagramma labiosum,12,0,grunt,"FDA The Seafood List, 2023/07/21"
Dinocardium robustum,12,0,cockle,"FDA The Seafood List, 2023/07/21"
Diodora aspera,12,0,limpet,"FDA The Seafood List, 2023/07/21"
Diplodus argenteus,12,0,porgy,"FDA The Seafood List, 2023/07/21"
Dipturus olseni,12,0,skate,"FDA The Seafood List, 2023/07/21"
Donax texasianus,12,0,coquina,"FDA The Seafood List, 2023/07/21"
Donax variabilis,12,0,coquina,"FDA The Seafood List, 2023/07/21"
Doryteuthis pealeii,12,0,longfin inshore squid,SJ
Echidna peli,12,0,moray eel,"FDA The Seafood List, 2023/07/21"
Encosternum delegorguei,12,0,edible stink bug,"Halloran, Flore, Vantomme, Roos, ""Edible Insects in Sustainable Food Systems"""
Encrasicholina purpurea,12,0,anchovy,"FDA The Seafood List, 2023/07/21"
Endoxyla leucomochla,12,0,witchetty grub,"Newton, ""The Oldest Foods on Earth"""
Engraulis anchoita,12,0,argentine anchovy,SJ
Engraulis australis,12,0,anchovy,"FDA The Seafood List, 2023/07/21"
Ensis ensis,12,0,razor clam,"FDA The Seafood List, 2023/07/21"
Ensis macha,12,0,razor clam,"FDA The Seafood List, 2023/07/21"
Epigonus crassicaudus,12,0,cardinalfish,"FDA The Seafood List, 2023/07/21"
Epinephelus fucoglottus x Epinephelus lanceolatus,12,0,grouper,"FDA The Seafood List, 2023/07/21"
Epinephelus timorensis,12,0,yellowspotted grouper,"FDA The Seafood List, 2023/07/21"
Epinephelus trophis,12,0,plump grouper,"FDA The Seafood List, 2023/07/21"
Eptatretus stoutii,12,0,hagfish,"FDA The Seafood List, 2023/07/21"
Erimacrus isenbeckii,12,0,korean variety crabmeat,"FDA The Seafood List, 2023/07/21"
Euvola diegensis,12,0,scallop,"FDA The Seafood List, 2023/07/21"
Evechinus chloroticus,12,0,kina (new zealand urchin),BP
Exocoetus obtusirostris,12,0,flyingfish,"FDA The Seafood List, 2023/07/21"
Exopalaemon styliferus,12,0,shrimp,"FDA The Seafood List, 2023/07/21"
Farfantepenaeus subtilis,12,0,brown shrimp,"FDA The Seafood List, 2023/07/21"
Fissurella limbata,12,0,limpet,"FDA The Seafood List, 2023/07/21"
Fissurella maxima,12,0,limpet,"FDA The Seafood List, 2023/07/21"
Fodiator acutus,12,0,flyingfish,"FDA The Seafood List, 2023/07/21"
Formica rufa,12,0,red wood ant,"Halloran, Flore, Vantomme, Roos, ""Edible Insects in Sustainable Food Systems"""
Gari solida,12,0,pacific clam,"FDA The Seafood List, 2023/07/21"
Genyagnus monopterygius,12,0,stargazer,"FDA The Seafood List, 2023/07/21"
Genypterus chilensis,12,0,kingklip,"FDA The Seafood List, 2023/07/21"
Genypterus maculatus,12,0,kingklip,"FDA The Seafood List, 2023/07/21"
Glycymeris decussata,12,0,bittersweet,"FDA The Seafood List, 2023/07/21"
Glycymeris glycymeris,12,0,dog cockle,SJ
Glycymeris laticostata,12,0,bittersweet,"FDA The Seafood List, 2023/07/21"
Glycymeris pilosa,12,0,cockle,"FDA The Seafood List, 2023/07/21"
Glycymeris violacescens,12,0,cockle,"FDA The Seafood List, 2023/07/21"
Gnathophis cinctus,12,0,conger eel,"FDA The Seafood List, 2023/07/21"
Gobionotothen marionensis,12,0,icefish,"FDA The Seafood List, 2023/07/21"
Goniistius gibbosus,12,0,morwong,"FDA The Seafood List, 2023/07/21"
Goniistius spectabilis,12,0,morwong,"FDA The Seafood List, 2023/07/21"
Grammatorcynus bicarinatus,12,0,mackerel,"FDA The Seafood List, 2023/07/21"
Gymnothorax mareei,12,0,moray eel,"FDA The Seafood List, 2023/07/21"
Haemulon melanurum,12,0,grunt,"FDA The Seafood List, 2023/07/21"
Haemulon scudderii,12,0,grunt,"FDA The Seafood List, 2023/07/21"
Haemulon steindachneri,12,0,grunt,"FDA The Seafood List, 2023/07/21"
Haliotis assimilis,12,0,abalone,"FDA The Seafood List, 2023/07/21"
Haliotis australis,12,0,abalone,"FDA The Seafood List, 2023/07/21"
Haliotis corrugata,12,0,abalone,"FDA The Seafood List, 2023/07/21"
Haliotis kamtschatkana,12,0,abalone,"FDA The Seafood List, 2023/07/21"
Haliotis pourtalesii,12,0,abalone,"FDA The Seafood List, 2023/07/21"
Haliotis walallensis,12,0,abalone,"FDA The Seafood List, 2023/07/21"
Haliporoides sibogae,12,0,shrimp,"FDA The Seafood List, 2023/07/21"
Haliporoides triarthrus,12,0,shrimp,"FDA The Seafood List, 2023/07/21"
Harengula thrissina,12,0,herring,"FDA The Seafood List, 2023/07/21"
Haustellum brandaris,12,0,merex,"FDA The Seafood List, 2023/07/21"
Hemijana variegata,12,0,edible caterpillar,"Halloran, Flore, Vantomme, Roos, ""Edible Insects in Sustainable Food Systems"""
Heterobranchus longifilis,12,0,sampa,"FDA The Seafood List, 2023/07/21"
Heterobranchus longifilis x Clarias gariepinus,12,0,claresse,"FDA The Seafood List, 2023/07/21"
Heterocarpus laevigatus,12,0,shrimp,"FDA The Seafood List, 2023/07/21"
Heterocarpus vicarius,12,0,northern nylon shrimp,"FDA The Seafood List, 2023/07/21"
Hippoglossina stomata,12,0,sole,"FDA The Seafood List, 2023/07/21"
Holothuria mexicana,12,0,sea cucumber,"FDA The Seafood List, 2023/07/21"
Holothuria tubulosa,12,0,sea cucumber,"FDA The Seafood List, 2023/07/21"
Hoplostethus mediterraneus mediterraneus,12,0,silver roughy,"FDA The Seafood List, 2023/07/21"
Hoplunnis diomediana,12,0,pike-conger eel,"FDA The Seafood List, 2023/07/21"
Hoplunnis macrura,12,0,pike-conger eel,"FDA The Seafood List, 2023/07/21"
Huso huso (fem) x Acipenser ruthenus (male),12,0,sturgeon,"FDA The Seafood List, 2023/07/21"
Hyas araneus,12,0,spider crab,"FDA The Seafood List, 2023/07/21"
Hydrolagus novaezealandiae,12,0,chimaera,"FDA The Seafood List, 2023/07/21"
Hyperoglyphe bythites,12,0,driftfish,"FDA The Seafood List, 2023/07/21"
Hyperoglyphe perciformis,12,0,driftfish,"FDA The Seafood List, 2023/07/21"
Hyperoglyphe pringlei,12,0,butterfish,"FDA The Seafood List, 2023/07/21"
Hypoderma tarandi,12,0,caribou warble fly,"Halloran, Flore, Vantomme, Roos, ""Edible Insects in Sustainable Food Systems"""
Ictalurus punctatus x Ictalurus furcatus,12,0,catfish,"FDA The Seafood List, 2023/07/21"
Ilisha fuerthii,12,0,herring,"FDA The Seafood List, 2023/07/21"
Ilisha megaloptera,12,0,herring,"FDA The Seafood List, 2023/07/21"
Illex illecebrosus,12,0,squid,"FDA The Seafood List, 2023/07/21"
Imbrasia belina,12,0,mopane caterpillar,"Halloran, Flore, Vantomme, Roos, ""Edible Insects in Sustainable Food Systems"""
Iphigenia brasiliana,12,0,false coquina,"FDA The Seafood List, 2023/07/21"
Isopisthus remifer,12,0,croaker,"FDA The Seafood List, 2023/07/21"
Jacquinotia edwardsii,12,0,spider crab,"FDA The Seafood List, 2023/07/21"
Jasus lalandii,12,0,rock lobster,"FDA The Seafood List, 2023/07/21"
Jasus paulensis,12,0,rock lobster,"FDA The Seafood List, 2023/07/21"
Johnius dussumieri,12,0,croaker,"FDA The Seafood List, 2023/07/21"
Kathetostoma giganteum,12,0,stargazer,"FDA The Seafood List, 2023/07/21"
Kryptopterus limpok,12,0,sheatfish,"FDA The Seafood List, 2023/07/21"
Lasius fuliginosus,12,0,jet ant,"Halloran, Flore, Vantomme, Roos, ""Edible Insects in Sustainable Food Systems"""
Latridopsis ciliaris,12,0,trumpeter,"FDA The Seafood List, 2023/07/21"
Lepidopsetta billineta,12,0,southern rock sole,NOAA Fisheries
Lepidorhynchus denticulatus,12,0,grenadier,"FDA The Seafood List, 2023/07/21"
Lepidotrigla argus,12,0,searobin,"FDA The Seafood List, 2023/07/21"
Lepophidium brevibarbe,12,0,cusk-eel,"FDA The Seafood List, 2023/07/21"
Lepophidium jeannae,12,0,cusk-eel,"FDA The Seafood List, 2023/07/21"
Lethrinus variegatus,12,0,emperor,"FDA The Seafood List, 2023/07/21"
Leukoma staminea,12,0,littleneck clam,Marty Smith
Lithodes antarcticus,12,0,centolla crab,"FDA The Seafood List, 2023/07/21"
Lithodes couesi,12,0,scarlet crab,"FDA The Seafood List, 2023/07/21"
Lithodes murrayi,12,0,murray crab,"FDA The Seafood List, 2023/07/21"
Litopenaeus occidentalis,12,0,shrimp,"FDA The Seafood List, 2023/07/21"
Litopenaeus schmitti,12,0,shrimp,"FDA The Seafood List, 2023/07/21"
Loligo gahi,12,0,squid,"FDA The Seafood List, 2023/07/21"
Loligo media,12,0,squid,"FDA The Seafood List, 2023/07/21"
Loligo ocula,12,0,squid,"FDA The Seafood List, 2023/07/21"
Loligo plei,12,0,squid,"FDA The Seafood List, 2023/07/21"
Loligo vulgaris reynaudi,12,0,squid,"FDA The Seafood List, 2023/07/21"
Lolliguncula panamensis,12,0,squid,"FDA The Seafood List, 2023/07/21"
Lotella rhacina,12,0,morid cod,"FDA The Seafood List, 2023/07/21"
Loxorhynchus grandis,12,0,sheep crab,"FDA The Seafood List, 2023/07/21"
Lutjanus agennes,12,0,snapper,"FDA The Seafood List, 2023/07/21"
Lutjanus inermis,12,0,snapper,"FDA The Seafood List, 2023/07/21"
Lutjanus jordani,12,0,snapper,"FDA The Seafood List, 2023/07/21"
Lutjanus purpureus,12,0,snapper,"FDA The Seafood List, 2023/07/21"
Macoma nasuta,12,0,bentnose clam,"FDA The Seafood List, 2023/07/21"
Macrobrachium carcinus,12,0,freshwater shrimp,"FDA The Seafood List, 2023/07/21"
Macrobrachium ohione,12,0,freshwater shrimp,"FDA The Seafood List, 2023/07/21"
Macrocallista maculata,12,0,calico clam,"FDA The Seafood List, 2023/07/21"
Macrocallista nimbosa,12,0,venus clam,"FDA The Seafood List, 2023/07/21"
Macrotermes bellicosus,12,0,winged termite,"Halloran, Flore, Vantomme, Roos, ""Edible Insects in Sustainable Food Systems"""
Mactrellona alata,12,0,surfclam,"FDA The Seafood List, 2023/07/21"
Mactromeris catilliformis,12,0,surfclam,"FDA The Seafood List, 2023/07/21"
Mactromeris hemphillii,12,0,surfclam,"FDA The Seafood List, 2023/07/21"
Mactromeris polynyma,12,0,surfclam,"FDA The Seafood List, 2023/07/21"
Mactrotoma californica,12,0,surfclam,"FDA The Seafood List, 2023/07/21"
Mactrotoma fragilis,12,0,surfclam,"FDA The Seafood List, 2023/07/21"
Mactrotoma nasuta,12,0,surfclam,"FDA The Seafood List, 2023/07/21"
Maja squinado,12,0,spider crab,"FDA The Seafood List, 2023/07/21"
Malacoraja senta,12,0,skate,"FDA The Seafood List, 2023/07/21"
Manta hamiltoni,12,0,manta,"FDA The Seafood List, 2023/07/21"
Medusozoa,12,0,jellyfish,JL
Megabalanus psittacus,12,0,barnacle,"FDA The Seafood List, 2023/07/21"
Meganyctiphanes norvegica,12,0,krill,"FDA The Seafood List, 2023/07/21"
Melophorus bagoti,12,0,red honey ant,"Newton, ""The Oldest Foods on Earth"""
Menticirrhus undulatus,12,0,kingfish,"FDA The Seafood List, 2023/07/21"
Mercenaria campechiensis,12,0,clam,"FDA The Seafood List, 2023/07/21"
Mercluccius productus,12,0,pacific whiting,NOAA Fisheries
Metacarcinus edwardsii,12,0,rock crab,"FDA The Seafood List, 2023/07/21"
Metanephrops binghami,12,0,lobsterette,"FDA The Seafood List, 2023/07/21"
Metanephrops challengeri,12,0,lobsterette,"FDA The Seafood List, 2023/07/21"
Metapenaeus dobsoni,12,0,shrimp,"FDA The Seafood List, 2023/07/21"
Metapenaeus endeavouri,12,0,shrimp,"FDA The Seafood List, 2023/07/21"
Metapenaeus monoceros,12,0,shrimp,"FDA The Seafood List, 2023/07/21"
Meuschenia galii,12,0,leatherjacket,"FDA The Seafood List, 2023/07/21"
Meuschenia scaber,12,0,triggerfish,"FDA The Seafood List, 2023/07/21"
Microcosmus sabatieri,12,0,sea fig,JL
Micromesistius australis,12,0,blue whiting,"FDA The Seafood List, 2023/07/21"
Micropterus notius,12,0,bass,"FDA The Seafood List, 2023/07/21"
Monochamus versteegi,12,0,beetle,"Halloran, Flore, Vantomme, Roos, ""Edible Insects in Sustainable Food Systems"""
Morone chrysops x Morone saxatilis,12,0,striped bass hybrid,FAO Cultured Aquatic Species Fact Sheets
Morone mississippiensis,12,0,bass,"FDA The Seafood List, 2023/07/21"
Morone saxatilis x Morone chrysops,12,0,bass,"FDA The Seafood List, 2023/07/21"
Mugil gaimardianus,12,0,mullet,"FDA The Seafood List, 2023/07/21"
Mugil gyrans,12,0,mullet,"FDA The Seafood List, 2023/07/21"
Mugiloides chilensis,12,0,sandperch,"FDA The Seafood List, 2023/07/21"
Mugiloides fasciatus,12,0,sandperch,"FDA The Seafood List, 2023/07/21"
Mulinia edulis,12,0,surfclam,"FDA The Seafood List, 2023/07/21"
Muraena melanotis,12,0,moray eel,"FDA The Seafood List, 2023/07/21"
Muraena robusta,12,0,moray eel,"FDA The Seafood List, 2023/07/21"
Mustelus antarcticus,12,0,dogfish shark,"FDA The Seafood List, 2023/07/21"
Mustelus californicus,12,0,shark,"FDA The Seafood List, 2023/07/21"
Mustelus lenticulatus,12,0,dogfish shark,"FDA The Seafood List, 2023/07/21"
Myleus pacu,12,0,pacu,"FDA The Seafood List, 2023/07/21"
Myliobatis goodei,12,0,eagle ray,"FDA The Seafood List, 2023/07/21"
Mytilus galloprovicialis x Mytilus edulis,12,0,mussel,"FDA The Seafood List, 2023/07/21"
Mytilus galloprovincalis,12,0,mediterranean mussel,FAO Cultured Aquatic Species Fact Sheets
Navodon australis,12,0,triggerfish,"FDA The Seafood List, 2023/07/21"
Nebris microps,12,0,croaker,"FDA The Seafood List, 2023/07/21"
Nemadactylus carponotatus,12,0,morwong,"FDA The Seafood List, 2023/07/21"
Nemadactylus douglasii,12,0,morwong,"FDA The Seafood List, 2023/07/21"
Nemadactylus macropterus,12,0,tarakihi,"FDA The Seafood List, 2023/07/21"
Nematalosa vlaminghi,12,0,gizzard shad,"FDA The Seafood List, 2023/07/21"
Nematognathi,12,0,catfish,JL
Nemipterus mesoprion,12,0,threadfin bream,"FDA The Seafood List, 2023/07/21"
Neolithodes brodiei,12,0,lithodes crab,"FDA The Seafood List, 2023/07/21"
Neotropius acutirostris,12,0,batashi,"FDA The Seafood List, 2023/07/21"
Netuma thalassinus,12,0,giant whiskered fish,"FDA The Seafood List, 2023/07/21"
Nototodarus sloanii,12,0,squid,"FDA The Seafood List, 2023/07/21"
Ocenebra japonica,12,0,snail,"FDA The Seafood List, 2023/07/21"
Octopus insularis,12,0,octopus,"FDA The Seafood List, 2023/07/21"
Octopus membranaceus,12,0,octopus,"FDA The Seafood List, 2023/07/21"
Odontesthes regia,12,0,silverside,"FDA The Seafood List, 2023/07/21"
Oecophylla smaragdina,12,0,asian weaver ant,"Halloran, Flore, Vantomme, Roos, ""Edible Insects in Sustainable Food Systems"""
Oncorhynchus aguabonita,12,0,trout,"FDA The Seafood List, 2023/07/21"
Opisthonema libertate,12,0,thread herring,"FDA The Seafood List, 2023/07/21"
Orcynopsis unicolor,12,0,bonito,"FDA The Seafood List, 2023/07/21"
Oreochromis mossambicus x Oreochromis niloticus,12,0,red tilapia,"FDA The Seafood List, 2023/07/21"
Orycteo rhinoceros,12,0,rhinoceros beetle larvae,"Halloran, Flore, Vantomme, Roos, ""Edible Insects in Sustainable Food Systems"""
Oryctes boas,12,0,rhinoceros beetle larvae,"Halloran, Flore, Vantomme, Roos, ""Edible Insects in Sustainable Food Systems"""
Ostorhinchus maculiferus,12,0,cardinalfish,"FDA The Seafood List, 2023/07/21"
Ostrea conchaphila,12,0,oyster,"FDA The Seafood List, 2023/07/21"
Otolithoides biauritus,12,0,croaker,"FDA The Seafood List, 2023/07/21"
Palaemonetes vulgaris,12,0,shrimp,"FDA The Seafood List, 2023/07/21"
Palinurus delagoae,12,0,spiny lobster,"FDA The Seafood List, 2023/07/21"
Palinurus gilchristi,12,0,spiny lobster,"FDA The Seafood List, 2023/07/21"
Pandalopsis dispar,12,0,shrimp,"FDA The Seafood List, 2023/07/21"
Pandalus goniurus,12,0,shrimp,"FDA The Seafood List, 2023/07/21"
Pandalus jordani,12,0,ocean (coldwater) shrimp,Marty Smith
Panopea bitruncata,12,0,geoduck clam,"FDA The Seafood List, 2023/07/21"
Panulirus gracilis,12,0,spiny lobster,"FDA The Seafood List, 2023/07/21"
Panulirus laevicauda,12,0,spiny lobster,"FDA The Seafood List, 2023/07/21"
Paphies australis,12,0,wedge clam,"FDA The Seafood List, 2023/07/21"
Paphies subtriangulata,12,0,wedge clam,"FDA The Seafood List, 2023/07/21"
Paphies ventricosa,12,0,wedge clam,"FDA The Seafood List, 2023/07/21"
Paralichthys aestuarius,12,0,flounder,"FDA The Seafood List, 2023/07/21"
Paralichthys microps,12,0,flounder,"FDA The Seafood List, 2023/07/21"
Paralonchurus peruanus,12,0,croaker,"FDA The Seafood List, 2023/07/21"
Parambassis baculis,12,0,chanda,"FDA The Seafood List, 2023/07/21"
Parapenaeopsis sculptilis,12,0,shrimp,"FDA The Seafood List, 2023/07/21"
Parapenaeopsis stylifera,12,0,shrimp,"FDA The Seafood List, 2023/07/21"
Parapercis colias,12,0,sandperch,"FDA The Seafood List, 2023/07/21"
Paratrachichthys trailli,12,0,roughy,"FDA The Seafood List, 2023/07/21"
Paristiopterus labiosus,12,0,boarfish,"FDA The Seafood List, 2023/07/21"
Parona signata,12,0,argentine queenfish,"FDA The Seafood List, 2023/07/21"
Parupenaeus cilatus,12,0,goatfish,"FDA The Seafood List, 2023/07/21"
Pecten meridionalis,12,0,scallop,"FDA The Seafood List, 2023/07/21"
Peprilus simillimus,12,0,butterfish,"FDA The Seafood List, 2023/07/21"
Percophis brasiliensis,12,0,duckbill,"FDA The Seafood List, 2023/07/21"
Platycephalus conatus,12,0,flathead,"FDA The Seafood List, 2023/07/21"
Platycephalus longispinis,12,0,flathead,"FDA The Seafood List, 2023/07/21"
Platyrhinoidis triseriata,12,0,guitarfish,"FDA The Seafood List, 2023/07/21"
Plebidonax deltoides,12,0,pipi,"Newton, ""The Oldest Foods on Earth"""
Plesionika martia,12,0,shrimp,"FDA The Seafood List, 2023/07/21"
Pleuroncodes monodon,12,0,red squat lobster,SJ
Pleuroncodes planipes,12,0,pelagic red crab,SJ
Pleuronichthys ritteri,12,0,turbot,"FDA The Seafood List, 2023/07/21"
Pleuroploca gigantea,12,0,conch,"FDA The Seafood List, 2023/07/21"
Plicofollis crossocheilos,12,0,roughback whiskered fish,"FDA The Seafood List, 2023/07/21"
Polinices heros,12,0,moonsnail,"FDA The Seafood List, 2023/07/21"
Polyprion yanezi,12,0,sea bass,"FDA The Seafood List, 2023/07/21"
Pomadasys crocro,12,0,grunt,"FDA The Seafood List, 2023/07/21"
Pomadasys panamensis,12,0,grunt,"FDA The Seafood List, 2023/07/21"
Pontinus khulii,12,0,rockfish,"FDA The Seafood List, 2023/07/21"
Portunus puber,12,0,swimming crab,"FDA The Seafood List, 2023/07/21"
Portunus reticulatus,12,0,swimming crab,"FDA The Seafood List, 2023/07/21"
Portunus segnis,12,0,swimming crab,"FDA The Seafood List, 2023/07/21"
Portunus tuberculosus,12,0,swimming crab,"FDA The Seafood List, 2023/07/21"
Prionotus stephanophrys,12,0,searobin,"FDA The Seafood List, 2023/07/21"
Probarbus jullien,12,0,barb,"FDA The Seafood List, 2023/07/21"
Procambarus zonangulus,12,0,white river crawfish,SJ
Prognichthys gibbifrons,12,0,flyingfish,"FDA The Seafood List, 2023/07/21"
Prolatilus jugularis,12,0,tilefish,"FDA The Seafood List, 2023/07/21"
Protothaca staminea,12,0,littleneck clam,"FDA The Seafood List, 2023/07/21"
Protothaca tenerrima,12,0,littleneck clam,"FDA The Seafood List, 2023/07/21"
Protothaca thaca,12,0,hardshell clam,"FDA The Seafood List, 2023/07/21"
Protrachypene precipua,12,0,shrimp,"FDA The Seafood List, 2023/07/21"
Pseudeutropius atherinoides,12,0,potasi,"FDA The Seafood List, 2023/07/21"
Pseudolais micronemus,12,0,shortbarbel pangasius,"FDA The Seafood List, 2023/07/21"
Pseudophycis bachus,12,0,morid cod,"FDA The Seafood List, 2023/07/21"
Pseudophycis barbata,12,0,morid cod,"FDA The Seafood List, 2023/07/21"
Pseudophycis breviuscula,12,0,morid cod,"FDA The Seafood List, 2023/07/21"
Pseudorhombus jenynsii,12,0,flounder,"FDA The Seafood List, 2023/07/21"
Pseudupeneus grandisquamis,12,0,goatfish,"FDA The Seafood List, 2023/07/21"
Pterygotrigla picta,12,0,searobin,"FDA The Seafood List, 2023/07/21"
Ptychocheilus grandis,12,0,carp,"FDA The Seafood List, 2023/07/21"
Rangia cuneata,12,0,surfclam,"FDA The Seafood List, 2023/07/21"
Rastrineobola argenta,12,0,silver cyprinid,BP
Rhacochilus toxotes,12,0,surfperch,"FDA The Seafood List, 2023/07/21"
Rhinobatos productus,12,0,guitarfish,"FDA The Seafood List, 2023/07/21"
Rhombosolea plebeia,12,0,flounder,"FDA The Seafood List, 2023/07/21"
Rhombosolea retiaria,12,0,flounder,"FDA The Seafood List, 2023/07/21"
Romaleon antennarium,12,0,rock crab,"FDA The Seafood List, 2023/07/21"
Roncador stearnsii,12,0,croaker,"FDA The Seafood List, 2023/07/21"
Ruspolia differens,12,0,longhorn grasshopper,"Halloran, Flore, Vantomme, Roos, ""Edible Insects in Sustainable Food Systems"""
Salanx prognathus,12,0,noodlefish,"FDA The Seafood List, 2023/07/21"
Salilota australis,12,0,morid cod,"FDA The Seafood List, 2023/07/21"
Sanguinolaria sanguinolenta,12,0,sanguin clam,"FDA The Seafood List, 2023/07/21"
Sarda australis,12,0,bonito,"FDA The Seafood List, 2023/07/21"
Sardinops neopilchardus,12,0,pilchard,"FDA The Seafood List, 2023/07/21"
Sarotherodon galilaeus galilaeus,12,0,tilapia,"FDA The Seafood List, 2023/07/21"
Saurida filamentosa,12,0,lizardfish,"FDA The Seafood List, 2023/07/21"
Saxidomus gigantea,12,0,butter clam,"FDA The Seafood List, 2023/07/21"
Saxidomus nuttalli,12,0,butter clam,"FDA The Seafood List, 2023/07/21"
Schedophilus ovalis,12,0,imperial blackfish,"FDA The Seafood List, 2023/07/21"
Scleropages legendrei,12,0,arowana,"FDA The Seafood List, 2023/07/21"
Scomberomorus lineolatus,12,0,streaked spanish mackerel,BP
Scorpaena cardinalis,12,0,rockfish,"FDA The Seafood List, 2023/07/21"
Scorpaena dispar,12,0,scorpionfish,"FDA The Seafood List, 2023/07/21"
Scorpaena guttata,12,0,scorpionfish,"FDA The Seafood List, 2023/07/21"
Scorpaena papillosa,12,0,rockfish,"FDA The Seafood List, 2023/07/21"
Scyllarides aequinoctialis,12,0,slipper lobster,"FDA The Seafood List, 2023/07/21"
Sebastolobus altivelis,12,0,thornyhead,"FDA The Seafood List, 2023/07/21"
Selachimorpha,12,0,shark,JL
Sepioteuthis sepioidea,12,0,squid,"FDA The Seafood List, 2023/07/21"
Seriolella caerulea,12,0,warehou,"FDA The Seafood List, 2023/07/21"
Seriphus politus,12,0,drum,"FDA The Seafood List, 2023/07/21"
Serripes groenlandicus,12,0,cockle,"FDA The Seafood List, 2023/07/21"
Sicyonia brevirostris,12,0,brown rock shrimp,SJ
Siliqua alta,12,0,razor clam,"FDA The Seafood List, 2023/07/21"
Siliqua costata,12,0,razor clam,"FDA The Seafood List, 2023/07/21"
Siliqua patula,12,0,razor clam,Marty Smith
Sillago bassensis,12,0,whiting,"FDA The Seafood List, 2023/07/21"
Sillago robusta,12,0,whiting,"FDA The Seafood List, 2023/07/21"
Simomactra dolabriformis,12,0,surfclam,"FDA The Seafood List, 2023/07/21"
Simomactra falcata,12,0,surfclam,"FDA The Seafood List, 2023/07/21"
Simomactra planulata,12,0,surfclam,"FDA The Seafood List, 2023/07/21"
Solen rostriformis,12,0,razor clam,"FDA The Seafood List, 2023/07/21"
Solen viridis,12,0,razor clam,"FDA The Seafood List, 2023/07/21"
Spaerechinus granularis,12,0,sea urchin,"FDA The Seafood List, 2023/07/21"
Sphoeroides lobatus,12,0,puffer,"FDA The Seafood List, 2023/07/21"
Sphyraena argentea,12,0,barracuda,"FDA The Seafood List, 2023/07/21"
Spisula solida,12,0,surf clam,SJ
Spisula solidissima,12,0,atlantic surf clam,Marty Smith
Strombus alatus,12,0,conch,"FDA The Seafood List, 2023/07/21"
Strombus costatus,12,0,conch,"FDA The Seafood List, 2023/07/21"
Synclidopus macleayanus,12,0,sole,"FDA The Seafood List, 2023/07/21"
Tagelus californianus,12,0,razor clam,"FDA The Seafood List, 2023/07/21"
Tagelus dombeii,12,0,razor clam,"FDA The Seafood List, 2023/07/21"
Tagelus plebeius,12,0,razor clam,"FDA The Seafood List, 2023/07/21"
Tapes rhomboides,12,0,littleneck clam,"FDA The Seafood List, 2023/07/21"
Tapes variegata,12,0,littleneck clam,"FDA The Seafood List, 2023/07/21"
Thysanoessa inermis,12,0,krill,"FDA The Seafood List, 2023/07/21"
Tibicen pruinosus,12,0,cicada,"Halloran, Flore, Vantomme, Roos, ""Edible Insects in Sustainable Food Systems"""
Tiostrea lutaria,12,0,oyster,"FDA The Seafood List, 2023/07/21"
Tivela stultorum,12,0,pismo clam,"FDA The Seafood List, 2023/07/21"
Todarodes angolensis,12,0,squid,"FDA The Seafood List, 2023/07/21"
Todarodes sagittatus,12,0,squid,"FDA The Seafood List, 2023/07/21"
Torpedo californica,12,0,electric ray,"FDA The Seafood List, 2023/07/21"
Torpedo nobiliana,12,0,torpedo,"FDA The Seafood List, 2023/07/21"
Trachinotus africanus,12,0,southern pompano,SJ
Trachinotus kennedyi,12,0,pompano,"FDA The Seafood List, 2023/07/21"
Trachinotus rhodopus,12,0,pompano,"FDA The Seafood List, 2023/07/21"
Trachurus declivis,12,0,jack mackerel,"FDA The Seafood List, 2023/07/21"
Trachurus novaezelandiae,12,0,jack mackerel,"FDA The Seafood List, 2023/07/21"
Tresus capax,12,0,surfclam,"FDA The Seafood List, 2023/07/21"
Tresus nuttallii,12,0,surfclam,"FDA The Seafood List, 2023/07/21"
Triportheus albus,12,0,hatchetfish,"FDA The Seafood List, 2023/07/21"
Ucides cordates,12,0,fiddler crab,"FDA The Seafood List, 2023/07/21"
Ucides occidentalis,12,0,pacific mangrove ghost crab,BP
Umbrina cirrosa,12,0,drum,"FDA The Seafood List, 2023/07/21"
Umbrina coroides,12,0,drum,"FDA The Seafood List, 2023/07/21"
Umbrina roncador,12,0,croaker,"FDA The Seafood List, 2023/07/21"
Upeneichthys lineatus,12,0,goatfish,"FDA The Seafood List, 2023/07/21"
Urophycis cirrata,12,0,hake,"FDA The Seafood List, 2023/07/21"
Venerupis aurea,12,0,littleneck clam,"FDA The Seafood List, 2023/07/21"
Xenobrama microlepis,12,0,pomfret,"FDA The Seafood List, 2023/07/21"
Xiphopenaeus kroyeri,12,0,shrimp,"FDA The Seafood List, 2023/07/21"
Xylotrupes gideon,12,0,brown rhinoceros beetle,"Halloran, Flore, Vantomme, Roos, ""Edible Insects in Sustainable Food Systems"""
Zidona dufresnei,12,0,snail,"FDA The Seafood List, 2023/07/21"
Zonocerus variegatus,12,0,painted grasshopper,"Halloran, Flore, Vantomme, Roos, ""Edible Insects in Sustainable Food Systems"""
Acipenser multiscutatus,12,0,sturgeon,"FDA The Seafood List, 2023/07/21"
Actinopyga mauritiana,12,0,surf redfish,Australian Fisheries Management Authority
