scientific_name,marker,ncbi_hits,n_words,rank_type
Baccaurea macrocarpa,trnL,57,2,species-level (binomial)
Vaccinium oxycoccos,trnL,50,2,species-level (binomial)
Chrysanthemum morifolium,trnL,48,2,species-level (binomial)
Wasabia japonica,trnL,47,2,species-level (binomial)
Laminaria japonica,trnL,39,2,species-level (binomial)
Allium porrum,trnL,35,2,species-level (binomial)
Dioscorea cayennensis,trnL,32,2,species-level (binomial)
Poncirus trifoliata,trnL,32,2,species-level (binomial)
Lycianthes moziniana,trnL,31,2,species-level (binomial)
Citrus limon,trnL,29,2,species-level (binomial)
Acacia senegal,trnL,27,2,species-level (binomial)
Dioscorea rotundata,trnL,22,2,species-level (binomial)
Citrus paradisi,trnL,19,2,species-level (binomial)
Cinnamomum cassia,trnL,18,2,species-level (binomial)
Citrus aurantium,trnL,18,2,species-level (binomial)
Thymus herba-barona,trnL,17,2,species-level (binomial)
Baccaurea motleyana,trnL,15,2,species-level (binomial)
Citrus unshiu,trnL,15,2,species-level (binomial)
Pennisetum glaucum,trnL,15,2,species-level (binomial)
Polystichum munitum,trnL,15,2,species-level (binomial)
Coix lachryma-jobi,trnL,13,2,species-level (binomial)
Acer ginnala,trnL,12,2,species-level (binomial)
Pueraria montana var. lobata,trnL,10,4,species-level (binomial)
Carissa congesta,trnL,9,2,species-level (binomial)
Cleome gynandra,trnL,9,2,species-level (binomial)
Fragaria ananassa,trnL,9,2,species-level (binomial)
Citrus x limonia,trnL,8,3,species-level (binomial)
Nephelium cuspidatum,trnL,8,2,species-level (binomial)
Spondias cytherea,trnL,8,2,species-level (binomial)
Brachiaria deflexa,trnL,7,2,species-level (binomial)
Iris x germanica,trnL,7,3,species-level (binomial)
Merrillia caloxylon,trnL,7,2,species-level (binomial)
Morinda officinalis,trnL,7,2,species-level (binomial)
Salsola komarovii,trnL,7,2,species-level (binomial)
Yucca gigantea,trnL,7,2,species-level (binomial)
Allium ledebourianum,trnL,6,2,species-level (binomial)
Aloysia triphylla,trnL,6,2,species-level (binomial)
Baccaurea edulis,trnL,6,2,species-level (binomial)
Opuntia monacantha,trnL,6,2,species-level (binomial)
Opuntia undulata,trnL,6,2,species-level (binomial)
Physalis alkekengi,trnL,6,2,species-level (binomial)
Pseudocydonia sinensis,trnL,6,2,species-level (binomial)
Pyropia yezoensis,trnL,6,2,species-level (binomial)
Rosa x hybrida,trnL,6,3,species-level (binomial)
Sida rhombifolia,trnL,6,2,species-level (binomial)
Alpinia malaccensis,trnL,5,2,species-level (binomial)
Citrus aurantiifolia,trnL,5,2,species-level (binomial)
Citrus x taitensis,trnL,5,3,species-level (binomial)
Curcuma zanthorrhiza,trnL,5,2,species-level (binomial)
Foeniculum vulgare,trnL,5,2,species-level (binomial)
Hibiscus sabdariffa,trnL,5,2,species-level (binomial)
Hyptis suaveolens,trnL,5,2,species-level (binomial)
Psidium cattleianum,trnL,5,2,species-level (binomial)
Rubus fruticosus,trnL,5,2,species-level (binomial)
Spondias lakonensis,trnL,5,2,species-level (binomial)
Tetragonia tetragonioides,trnL,5,2,species-level (binomial)
Triticum boeoticum,trnL,5,2,species-level (binomial)
Triticum monococcum subsp. aegilopoides,trnL,5,4,species-level (binomial)
Abutilon indicum,trnL,4,2,species-level (binomial)
Beta vulgaris subsp. vulgaris,trnL,4,4,species-level (binomial)
Carica pubescens,trnL,4,2,species-level (binomial)
Citrus latifolia,trnL,4,2,species-level (binomial)
Dimocarpus fumatus,trnL,4,2,species-level (binomial)
Feronia limonia,trnL,4,2,species-level (binomial)
Inga feuilleei,trnL,4,2,species-level (binomial)
Kyllinga brevifolia,trnL,4,2,species-level (binomial)
Mangifera kemanga,trnL,4,2,species-level (binomial)
Passiflora mollissima,trnL,4,2,species-level (binomial)
Passiflora pinnatistipula,trnL,4,2,species-level (binomial)
Plantago arenaria,trnL,4,2,species-level (binomial)
Plectranthus amboinicus,trnL,4,2,species-level (binomial)
Rollinia mucosa,trnL,4,2,species-level (binomial)
Sesamum radiatum,trnL,4,2,species-level (binomial)
Undaria pinnatifida,trnL,4,2,species-level (binomial)
Vasconcellea pubescens,trnL,4,2,species-level (binomial)
Amomum subulatum,trnL,3,2,species-level (binomial)
Annona atemoya,trnL,3,2,species-level (binomial)
Aquilegia caerulea,trnL,3,2,species-level (binomial)
Argyranthemum frutescens,trnL,3,2,species-level (binomial)
Brassica juncea var. juncea,trnL,3,4,species-level (binomial)
Brassica oleracea var. capitata f. alba,trnL,3,6,species-level (binomial)
Brassica oleracea var. gemmifera,trnL,3,4,species-level (binomial)
Brassica rapa subsp. chinensis,trnL,3,4,species-level (binomial)
Brassica rapa subsp. pekinensis,trnL,3,4,species-level (binomial)
Brassica rapa subsp. rapa,trnL,3,4,species-level (binomial)
Brassica rapa var. glabra,trnL,3,4,species-level (binomial)
Carica x heilbornii,trnL,3,3,species-level (binomial)
Cheilocostus speciosus,trnL,3,2,species-level (binomial)
Chenopodium capitatum,trnL,3,2,species-level (binomial)
Chenopodium foliosum,trnL,3,2,species-level (binomial)
Cucurbita pepo subsp. pepo,trnL,3,4,species-level (binomial)
Cyphomandra betacea,trnL,3,2,species-level (binomial)
Diospyros discolor,trnL,3,2,species-level (binomial)
Glebionis segetum,trnL,3,2,species-level (binomial)
Marsdenia australis,trnL,3,2,species-level (binomial)
Myrica rubra,trnL,3,2,species-level (binomial)
Ocotea quixos,trnL,3,2,species-level (binomial)
Paeonia x suffruticosa,trnL,3,3,species-level (binomial)
Proboscidea louisianica,trnL,3,2,species-level (binomial)
Scorzonera hispanica,trnL,3,2,species-level (binomial)
Sechium edule,trnL,3,2,species-level (binomial)
Telopea speciosissima,trnL,3,2,species-level (binomial)
Acer nigrum,trnL,2,2,species-level (binomial)
Alibertia patinoi,trnL,2,2,species-level (binomial)
Amaranthus cruentus,trnL,2,2,species-level (binomial)
Amaranthus dubius,trnL,2,2,species-level (binomial)
Amaranthus thunbergii,trnL,2,2,species-level (binomial)
Baccaurea angulata,trnL,2,2,species-level (binomial)
Beloperone californica,trnL,2,2,species-level (binomial)
Brassica oleracea var. alboglabra,trnL,2,4,species-level (binomial)
Brassica oleracea var. botrytis,trnL,2,4,species-level (binomial)
Brassica oleracea var. gongylodes,trnL,2,4,species-level (binomial)
Brassica rapa subsp. oleifera,trnL,2,4,species-level (binomial)
Campomanesia guaviroba,trnL,2,2,species-level (binomial)
Canarium schweinfurthii,trnL,2,2,species-level (binomial)
Ceratotheca sesamoides,trnL,2,2,species-level (binomial)
Cordia africana,trnL,2,2,species-level (binomial)
Costus erythrophyllus,trnL,2,2,species-level (binomial)
Curcuma mangga,trnL,2,2,species-level (binomial)
Dianthus barbatus,trnL,2,2,species-level (binomial)
Erioglossum rubiginosum,trnL,2,2,species-level (binomial)
Garcinia madruno,trnL,2,2,species-level (binomial)
Garcinia spicata,trnL,2,2,species-level (binomial)
Hibiscus radiatus,trnL,2,2,species-level (binomial)
Mangifera quadrifida,trnL,2,2,species-level (binomial)
Nephelium maingayi,trnL,2,2,species-level (binomial)
Nephelium ramboutan-ake,trnL,2,2,species-level (binomial)
Nopalea cochenillifera,trnL,2,2,species-level (binomial)
Opuntia leucotricha,trnL,2,2,species-level (binomial)
Paullinia cupana,trnL,2,2,species-level (binomial)
Petunia hybrida,trnL,2,2,species-level (binomial)
Pyrus bretschneideri,trnL,2,2,species-level (binomial)
Sechium tacaco,trnL,2,2,species-level (binomial)
Sorbus domestica,trnL,2,2,species-level (binomial)
Triticum araraticum,trnL,2,2,species-level (binomial)
Triticum dicoccon,trnL,2,2,species-level (binomial)
Triticum turgidum subsp. dicoccoides,trnL,2,4,species-level (binomial)
Triticum turgidum subsp. dicoccum,trnL,2,4,species-level (binomial)
Valeriana sambucifolia,trnL,2,2,species-level (binomial)
Victoria amazonica,trnL,2,2,species-level (binomial)
Xylopia aethiopica,trnL,2,2,species-level (binomial)
Zanthoxylum capense,trnL,2,2,species-level (binomial)
Acronychia acidula,trnL,1,2,species-level (binomial)
Agave tequilana,trnL,1,2,species-level (binomial)
Alpinia zerumbet,trnL,1,2,species-level (binomial)
Ananas parguazensis,trnL,1,2,species-level (binomial)
Apium prostratum,trnL,1,2,species-level (binomial)
Aponogeton distachyos,trnL,1,2,species-level (binomial)
Argania spinosa,trnL,1,2,species-level (binomial)
Baccaurea dulcis,trnL,1,2,species-level (binomial)
Baccaurea lanceolata,trnL,1,2,species-level (binomial)
Begonia cucullata,trnL,1,2,species-level (binomial)
Brassica oleracea var. italica,trnL,1,4,species-level (binomial)
Brassica oleracea var. viridis,trnL,1,4,species-level (binomial)
Bromelia pinguin,trnL,1,2,species-level (binomial)
Chenopodium bonus-henricus,trnL,1,2,species-level (binomial)
Cichorium endivia,trnL,1,2,species-level (binomial)
Cola nitida,trnL,1,2,species-level (binomial)
Commelina diffusa,trnL,1,2,species-level (binomial)
Costus productus,trnL,1,2,species-level (binomial)
Dialium indum,trnL,1,2,species-level (binomial)
Dovyalis caffra,trnL,1,2,species-level (binomial)
Durio dulcis,trnL,1,2,species-level (binomial)
Durio graveolens,trnL,1,2,species-level (binomial)
Durio kutejensis,trnL,1,2,species-level (binomial)
Flindersia maculosa,trnL,1,2,species-level (binomial)
Fuchsia x hybrida,trnL,1,3,species-level (binomial)
Garcinia indica,trnL,1,2,species-level (binomial)
Garcinia intermedia,trnL,1,2,species-level (binomial)
Gladiolus grandiflorus,trnL,1,2,species-level (binomial)
Hibiscus tiliaceus,trnL,1,2,species-level (binomial)
Hua gaboni,trnL,1,2,species-level (binomial)
Ipomoea eriocarpa,trnL,1,2,species-level (binomial)
Irvingia gabonensis,trnL,1,2,species-level (binomial)
Lansium parasiticum,trnL,1,2,species-level (binomial)
Lucuma campechiana,trnL,1,2,species-level (binomial)
Malus turkmenorum,trnL,1,2,species-level (binomial)
Manilkara jaimiqui,trnL,1,2,species-level (binomial)
Manilkara kauki,trnL,1,2,species-level (binomial)
Microlaena stipoides,trnL,1,2,species-level (binomial)
Nopalea dejecta,trnL,1,2,species-level (binomial)
Opuntia boldinghii,trnL,1,2,species-level (binomial)
Opuntia robusta,trnL,1,2,species-level (binomial)
Opuntia stricta,trnL,1,2,species-level (binomial)
Phyllanthus acidus,trnL,1,2,species-level (binomial)
Phyllanthus emblica,trnL,1,2,species-level (binomial)
Pinus coulteri,trnL,1,2,species-level (binomial)
Pyropia tenera,trnL,1,2,species-level (binomial)
Ribes uva-crispa,trnL,1,2,species-level (binomial)
Rubus allegheniensis,trnL,1,2,species-level (binomial)
Rubus hybrid cultivar,trnL,1,3,species-level (binomial)
Rubus laciniatus,trnL,1,2,species-level (binomial)
Salicornia quinqueflora,trnL,1,2,species-level (binomial)
Sauropus androgynus,trnL,1,2,species-level (binomial)
Solanum uporo,trnL,1,2,species-level (binomial)
Sterculia parviflora,trnL,1,2,species-level (binomial)
Triticum durum,trnL,1,2,species-level (binomial)
Triticum turgidum subsp. carthlicum,trnL,1,4,species-level (binomial)
Triticum turgidum subsp. durum,trnL,1,4,species-level (binomial)
Urena lobata,trnL,1,2,species-level (binomial)
Vaccinium tenellum,trnL,1,2,species-level (binomial)
Vigna unguiculata subsp. sesquipedalis,trnL,1,4,species-level (binomial)
Viola odorata,trnL,1,2,species-level (binomial)
