scientific_name,marker,ncbi_hits
"Acanthistius brasilianus",12S,0
"Acanthocardia aculeata",12S,0
"Acanthocardia tuberculata",12S,0
"Aetobatus narinari",12S,3
"Ailichthys punctatus",12S,0
"Alectis indicus",12S,0
"Aliger gigas",12S,3
"Allosmerus elongatus",12S,4
"Allothunnus fallai",12S,0
"Alosa agone",12S,0
"Alosa alosa",12S,5
"Alosinae",12S,231
"Alphitobius diaperinus",12S,4
"Ambloplites cavifrons",12S,1
"Ameiurus platycephalus",12S,0
"Ammodytes americanus",12S,3
"Amphilophus alfari",12S,0
"Amphilophus longimanus",12S,0
"Amphioctopus fangsiao",12S,21
"Amusium japonicum",12S,3
"Amusium papyraceum",12S,1
"Amusium pleuronectes",12S,18
"Anacridium melanorhodon melanorhodon",12S,0
"Anadara baughmani",12S,0
"Anadara subcrenata",12S,0
"Anaphe panda",12S,0
"Anas",12S,162
"Anchoa compressa",12S,0
"Anchoviella perfasciata",12S,0
"Anisotremus davidsonii",12S,0
"Anisotremus interruptus",12S,3
"Anisotremus taeniatus",12S,0
"Apis cerana",12S,28
"Apis dorsata",12S,4
"Apis mellifera",12S,218
"Apocryptes bato",12S,3
"Apostichopus japonicus",12S,19
"Apsilus dentatus",12S,1
"Apsilus fuscus",12S,0
"Arca granosa",12S,5
"Arca imbricata",12S,0
"Arca noae",12S,0
"Arca zebra",12S,0
"Archosargus probatocephalus",12S,18
"Arctica islandica",12S,4
"Arctogadus borisovi",12S,0
"Ardeotis australis",12S,0
"Argentina elongata",12S,0
"Argentina sphyraena",12S,1
"Argopecten aequisulcatus",12S,0
"Argopecten gibbus",12S,2
"Argopecten irradians",12S,10
"Argopecten lineolaris",12S,0
"Argopecten nucleus",12S,2
"Argopecten purpuratus",12S,10
"Argopecten ventricosus",12S,8
"Argyrosomus hololepidotus",12S,1
"Aristaeomorpha foliacea",12S,3
"Aristaeopsis edwardsiana",12S,3
"Arnoglossus scapha",12S,0
"Arripis georgianus",12S,7
"Artemia",12S,156
"Aspongopus nepalensis",12S,0
"Astacoidea",12S,568
"Atractoscion nobilis",12S,1
"Atrina pectinata",12S,4
"Atrina serrata",12S,0
"Aulacomya ater",12S,0
"Austroglossus microlepis",12S,11
"Austroglossus pectoralis",12S,8
"Austrovenus stutchburyi",12S,0
"Babylonia areolata",12S,3
"Barbatia cancellaria",12S,0
"Barbonymus schwanenfeldii",12S,6
"Basilichthys australis",12S,0
"Bathycongrus aequoreus",12S,0
"Bathynomus giganteus",12S,205
"Bathyraja trachura",12S,0
"Batocera roylei",12S,0
"Batrachoides surinamensis",12S,0
"Berryteuthis magister",12S,2
"Bodianus scrofa",12S,0
"Bombyx mori",12S,1176
"Bothus ocellatus",12S,2
"Brama australis",12S,0
"Brama brama",12S,10
"Bramidae",12S,48
"Brotula clarkae",12S,0
"Busycotypus canaliculatus",12S,1
"Busycotypus spiratus",12S,0
"Caelorinchus fasciatus",12S,1
"Calamus arctifrons",12S,1
"Calamus leucosteus",12S,0
"Callinectes amnicola",12S,0
"Callinectes arcuatus",12S,2
"Callinectes bellicosus",12S,2
"Callinectes rathbunae",12S,1
"Callinectes sapidus",12S,33
"Callinectes toxotes",12S,1
"Cancer anthonyi",12S,0
"Cancer borealis",12S,0
"Cancer irroratus",12S,0
"Cancer magister",12S,4
"Cancer pagurus",12S,2
"Cancer productus",12S,0
"Carcharhinus altimus",12S,1
"Carcharhinus isodon",12S,3
"Carcharhinus porosus",12S,11
"Carcharhinus signatus",12S,1
"Carcinus aestuari",12S,0
"Carcinus maenas",12S,4
"Cardiidae",12S,25
"Cardisoma armatum",12S,2
"Carebara vidua",12S,0
"Catla catla",12S,11
"Catostomus columbianus",12S,4
"Caulolatilus affinis",12S,0
"Caulolatilus chrysops",12S,0
"Caulolatilus princeps",12S,0
"Cellana denticulata",12S,4
"Centroberyx affinis",12S,5
"Centroberyx gerrardi",12S,5
"Centrolophus niger",12S,6
"Centropomus mexicanus",12S,6
"Cephalophus natalensis",12S,3
"Cephenemyia trompe",12S,2
"Cerastoderma edule",12S,4
"Cerax quadricarinatus",12S,0
"Cervimunida johni",12S,0
"Cetacea",12S,3146
"Cetengraulis mysticetus",12S,0
"Chaceon afiinis",12S,0
"Chaceon fenneri",12S,0
"Chaceon maritae",12S,0
"Chaceon quinquedens",12S,0
"Chaetodipterus zonatus",12S,0
"Channidae",12S,370
"Chaoborus edulis",12S,0
"Chascanopsetta crumenalis",12S,0
"Cheilodactylus spectabilis",12S,0
"Cheilopogon exsiliens",12S,2
"Cheilopogon heterurus hubbsi",12S,0
"Cheilotrema saturnum",12S,0
"Chelidonichthys lucernus",12S,2
"Cherax destructor",12S,10
"Chione californiensis",12S,0
"Chione undatella",12S,0
"Chionista fluctifraga",12S,0
"Chionoecetes",12S,10
"Chionoecetes angulatus",12S,0
"Chionoecetes bairdi",12S,2
"Chionoecetes japonicus",12S,2
"Chionoecetes opilio",12S,1
"Chionoecetes tanneri",12S,0
"Chironemus marmoratus",12S,1
"Chirostoma jordani",12S,0
"Chirostyloidea",12S,11
"Chlamys albida",12S,0
"Chlamys circularis aequisculata",12S,0
"Chlamys farreri",12S,2
"Chlamys hastata",12S,1
"Chlamys islandica",12S,4
"Chlamys opercularis",12S,0
"Chlamys patagonica",12S,0
"Chlamys purpurata",12S,0
"Chlamys rubida",12S,1
"Chlamys vitrea",12S,0
"Chloroscombrus orqueta",12S,0
"Chlorurus gibbus",12S,1
"Chlorurus perspicillatus",12S,0
"Chondracris rosea",12S,3
"Cicadidae",12S,313
"Cichla orinocensis",12S,0
"Ciliata septentrionalis",12S,0
"Cilus gilberti",12S,0
"Cipangopaludina chinensis",12S,2
"Citharichthys",12S,42
"Citharichthys sordidus",12S,1
"Clarias anguillaris",12S,0
"Clarias gariepinus x Clarias macrocephalus",12S,0
"Cleisthenes pinetorum",12S,3
"Clinocardium californiense",12S,0
"Clinocardium nuttallii",12S,0
"Clupea bentincki",12S,1
"Clupeidae",12S,1758
"Coilia ramcarati",12S,0
"Colistium guntheri",12S,0
"Concholepas concholepas",12S,2
"Conger cinereus marginatus",12S,0
"Conger oligoporus",12S,0
"Congiopodus leucopaecilus",12S,0
"Coregonus",12S,178
"Coregonus alpenae",12S,0
"Coregonus kiyi",12S,0
"Coregonus pidschian",12S,0
"Coregonus reighardi",12S,0
"Corica soborna",12S,1
"Corvula batabana",12S,0
"Corvula sanctaeluciae",12S,0
"Crangon crangon",12S,1
"Crangon franciscorum",12S,0
"Crangon septemspinosa",12S,0
"Crassostrea angulata",12S,6
"Crassostrea chilensis",12S,0
"Crassostrea gigas",12S,12
"Crassostrea gigas kumamoto",12S,0
"Crassostrea glomerata",12S,0
"Crassostrea skiamea",12S,0
"Crassostrea virginica",12S,0
"Crenimugil crenilabis",12S,6
"Crepidula fornicata",12S,1
"Crocothemis servilia",12S,2
"Ctenopharyngodon idellus",12S,14
"Cybiosarda elegans",12S,0
"Cyclochila virens",12S,0
"Cyclopsetta chittendeni",12S,5
"Cymbium olla",12S,1
"Cynoscion acoupa",12S,0
"Cynoscion othonopterus",12S,0
"Cynoscion parvipinnis",12S,1
"Cynoscion virescens",12S,0
"Cypselurus agoo",12S,5
"Cypselurus comatus",12S,0
"Cypselurus simus",12S,0
"Cyriopagopus albostriatus",12S,0
"Cyrtodaria siliqua",12S,0
"Cyttus novaezealandiae",12S,2
"Decapodiformes",12S,592
"Decapterus koheru",12S,0
"Decapterus scombrinus",12S,0
"Delphinidae",12S,1218
"Dentex dentex",12S,3
"Dentex tumifrons",12S,6
"Diagramma labiosum",12S,0
"Dicentrarchus punctatus",12S,2
"Dinocardium robustum",12S,0
"Diodon",12S,24
"Diodora aspera",12S,0
"Diplodus argenteus",12S,0
"Dipturus olseni",12S,0
"Donax texasianus",12S,0
"Donax variabilis",12S,0
"Doryteuthis opalescens",12S,4
"Doryteuthis pealeii",12S,0
"Dosidicus gigas",12S,5
"Dytiscidae",12S,454
"Echidna peli",12S,0
"Echinus esculentus",12S,1
"Elops affinis",12S,1
"Embassichthys bathybius",12S,1
"Encosternum delegorguei",12S,0
"Encrasicholina purpurea",12S,0
"Endoxyla leucomochla",12S,0
"Engraulidae",12S,432
"Engraulis anchoita",12S,0
"Engraulis australis",12S,0
"Ensis arcuatus",12S,13
"Ensis directus",12S,4
"Ensis ensis",12S,0
"Ensis macha",12S,0
"Ensis siliqua",12S,17
"Enteroctopus dofleini",12S,5
"Epigonus crassicaudus",12S,0
"Epigonus telescopus",12S,6
"Epinephelinae",12S,1419
"Epinephelus analogus",12S,1
"Epinephelus diacanthus",12S,1
"Epinephelus fucoglottus x Epinephelus lanceolatus",12S,0
"Epinephelus heniochus",12S,1
"Epinephelus mystacinus",12S,1
"Epinephelus nigritus",12S,2
"Epinephelus niveatus",12S,6
"Epinephelus poecilonotus",12S,3
"Epinephelus timorensis",12S,0
"Epinephelus trophis",12S,0
"Eptatretus stoutii",12S,0
"Equetus punctatus",12S,1
"Equus africanus asinus",12S,1
"Erimacrus isenbeckii",12S,0
"Eriocheir sinensis",12S,12
"Esox",12S,61
"Esox americanus americanus",12S,10
"Esox americanus vermiculatus",12S,6
"Euastacus armatus",12S,45
"Eucidaris tribuloides",12S,5
"Euvola diegensis",12S,0
"Euvola ziczac",12S,6
"Evechinus chloroticus",12S,0
"Exocoetidae",12S,103
"Exocoetus obtusirostris",12S,0
"Exopalaemon styliferus",12S,0
"Farfantepenaeus aztecus",12S,5
"Farfantepenaeus brasiliensis",12S,27
"Farfantepenaeus duorarum",12S,26
"Farfantepenaeus notialis",12S,3
"Farfantepenaeus subtilis",12S,0
"Fenneropenaeus chinensis",12S,1
"Fenneropenaeus indicus",12S,16
"Fenneropenaeus merguiensis",12S,11
"Fenneropenaeus penicillatus",12S,4
"Fissurella limbata",12S,0
"Fissurella maxima",12S,0
"Fodiator acutus",12S,0
"Formica rufa",12S,0
"Gadus",12S,410
"Galatheoidea",12S,210
"Galeoides decadactylus",12S,2
"Gari solida",12S,0
"Genyagnus monopterygius",12S,0
"Genyonemus lineatus",12S,4
"Genypterus capensis",12S,13
"Genypterus chilensis",12S,0
"Genypterus maculatus",12S,0
"Geothelphusa dehaani",12S,1
"Gibelion catla",12S,11
"Girella nigricans",12S,1
"Glycymeris decussata",12S,0
"Glycymeris glycymeris",12S,0
"Glycymeris laticostata",12S,0
"Glycymeris pilosa",12S,0
"Glycymeris violacescens",12S,0
"Glyptocephalus cynoglossus",12S,4
"Gnathophis cinctus",12S,0
"Gobionotothen marionensis",12S,0
"Goniistius gibbosus",12S,0
"Goniistius spectabilis",12S,0
"Grammatorcynus bicarinatus",12S,0
"Gryllodes sigillatus",12S,4
"Gryllus",12S,11
"Gymnachirus melas",12S,1
"Gymnothorax mareei",12S,0
"Haemulon chrysargyreum",12S,1
"Haemulon melanurum",12S,0
"Haemulon scudderii",12S,0
"Haemulon steindachneri",12S,0
"Haliotis assimilis",12S,0
"Haliotis australis",12S,0
"Haliotis corrugata",12S,0
"Haliotis fulgens",12S,2
"Haliotis gigantea",12S,40
"Haliotis iris",12S,6
"Haliotis kamtschatkana",12S,0
"Haliotis laevigata",12S,5
"Haliotis pourtalesii",12S,0
"Haliotis roei",12S,3
"Haliotis rubra",12S,4
"Haliotis rufescens",12S,4
"Haliotis tuberculata",12S,5
"Haliotis walallensis",12S,0
"Haliporoides sibogae",12S,0
"Haliporoides triarthrus",12S,0
"Harengula thrissina",12S,0
"Haustellum brandaris",12S,0
"Helix pomatia",12S,12
"Hemijana variegata",12S,0
"Hermosilla azurea",12S,2
"Heterobranchus longifilis",12S,0
"Heterobranchus longifilis x Clarias gariepinus",12S,0
"Heterocarpus laevigatus",12S,0
"Heterocarpus vicarius",12S,0
"Hexagrammos octogrammus",12S,47
"Hippoglossina stomata",12S,0
"Hippoidea",12S,19
"Holothuria fuscogilva",12S,1
"Holothuria mexicana",12S,0
"Holothuria poli",12S,1
"Holothuria tubulosa",12S,0
"Holothuria whitmaei",12S,1
"Holothuroidea",12S,307
"Homarus americanus",12S,4
"Homarus gammarus",12S,8
"Hoplopagrus guentherii",12S,2
"Hoplostethus atlanticus",12S,2
"Hoplostethus mediterraneus mediterraneus",12S,0
"Hoplunnis diomediana",12S,0
"Hoplunnis macrura",12S,0
"Huso huso (fem) x Acipenser ruthenus (male)",12S,0
"Hyas araneus",12S,0
"Hydrolagus novaezealandiae",12S,0
"Hyperoglyphe bythites",12S,0
"Hyperoglyphe perciformis",12S,0
"Hyperoglyphe pringlei",12S,0
"Hypoderma tarandi",12S,0
"Hypsophrys nicaraguensis",12S,1
"Ibacus ciliatus",12S,2
"Ictalurus punctatus x Ictalurus furcatus",12S,0
"Ilisha africana",12S,2
"Ilisha fuerthii",12S,0
"Ilisha megaloptera",12S,0
"Illex argentinus",12S,3
"Illex coindetii",12S,1
"Illex illecebrosus",12S,0
"Imbrasia belina",12S,0
"Iniidae",12S,12
"Iphigenia brasiliana",12S,0
"Isopisthus remifer",12S,0
"Isostichopus badionotus",12S,1
"Jacquinotia edwardsii",12S,0
"Jasus edwardsii",12S,4
"Jasus frontalis",12S,1
"Jasus lalandii",12S,0
"Jasus paulensis",12S,0
"Johnius dussumieri",12S,0
"Kathetostoma giganteum",12S,0
"Kryptopterus limpok",12S,0
"Kuhlia marginata",12S,3
"Kyphosus sectator",12S,13
"Lactophrys triqueter",12S,2
"Lagocephalus",12S,113
"Lambis lambis",12S,5
"Lampris immaculatus",12S,1
"Lasius fuliginosus",12S,0
"Latidae",12S,107
"Latridopsis ciliaris",12S,0
"Latris lineata",12S,1
"Leiognathus equulus",12S,10
"Lepidopsetta billineta",12S,0
"Lepidorhynchus denticulatus",12S,0
"Lepidotrigla argus",12S,0
"Lepophidium brevibarbe",12S,0
"Lepophidium jeannae",12S,0
"Leporinus obtusidens",12S,2
"Lethocerus indicus",12S,4
"Lethrinus miniatus",12S,1
"Lethrinus variegatus",12S,0
"Lethrinus xanthochilus",12S,3
"Leucoraja erinacea",12S,12
"Leukoma staminea",12S,0
"Limanda ferruginea",12S,3
"Limanda proboscidea",12S,3
"Limanda punctatissima",12S,3
"Lithodes aequispinus",12S,1
"Lithodes antarcticus",12S,0
"Lithodes couesi",12S,0
"Lithodes murrayi",12S,0
"Lithodes santolla",12S,3
"Lithodidae",12S,38
"Litopenaeus occidentalis",12S,0
"Litopenaeus schmitti",12S,0
"Litopenaeus setiferus",12S,2
"Litopenaeus stylirostris",12S,4
"Litopenaeus vannamei",12S,32
"Littorina littorea",12S,3
"Littorina sitkana",12S,2
"Liza grandisquamis",12S,5
"Loligo forbesii",12S,1
"Loligo gahi",12S,0
"Loligo media",12S,0
"Loligo ocula",12S,0
"Loligo plei",12S,0
"Loligo vulgaris",12S,2
"Loligo vulgaris reynaudi",12S,0
"Loliolus beka",12S,2
"Lolliguncula brevis",12S,1
"Lolliguncula panamensis",12S,0
"Lophius",12S,38
"Lopholithodes foraminatus",12S,1
"Lotella rhacina",12S,0
"Lottia gigantea",12S,1
"Loxorhynchus grandis",12S,0
"Lutjanidae",12S,566
"Lutjanus agennes",12S,0
"Lutjanus aratus",12S,3
"Lutjanus guttatus",12S,1
"Lutjanus inermis",12S,0
"Lutjanus johnii",12S,19
"Lutjanus jordani",12S,0
"Lutjanus purpureus",12S,0
"Macoma nasuta",12S,0
"Macrobrachium carcinus",12S,0
"Macrobrachium ohione",12S,0
"Macrobrachium rosenbergii",12S,12
"Macrocallista maculata",12S,0
"Macrocallista nimbosa",12S,0
"Macrotermes bellicosus",12S,0
"Macrotermes subhyalinus",12S,7
"Macruronus magellanicus",12S,1
"Mactra sachalinensis",12S,5
"Mactrellona alata",12S,0
"Mactromeris catilliformis",12S,0
"Mactromeris hemphillii",12S,0
"Mactromeris polynyma",12S,0
"Mactrotoma californica",12S,0
"Mactrotoma fragilis",12S,0
"Mactrotoma nasuta",12S,0
"Magallana gigas",12S,12
"Maja squinado",12S,0
"Malacanthidae",12S,48
"Malacoraja senta",12S,0
"Manta birostris",12S,21
"Manta hamiltoni",12S,0
"Marsupenaeus japonicus",12S,5
"Medialuna californiensis",12S,2
"Medusozoa",12S,0
"Megabalanus psittacus",12S,0
"Meganyctiphanes norvegica",12S,0
"Meleagris",12S,119
"Melicertus kerathurus",12S,1
"Melicertus latisulcatus",12S,5
"Melicertus plebejus",12S,1
"Melophorus bagoti",12S,0
"Menippe adina",12S,1
"Menippe mercenaria",12S,1
"Menticirrhus undulatus",12S,0
"Mercenaria campechiensis",12S,0
"Mercenaria mercenaria",12S,2
"Mercluccius productus",12S,0
"Meretrix lyrata",12S,2
"Merlucciidae",12S,89
"Merluccius paradoxus",12S,14
"Mesocentrotus franciscanus",12S,5
"Metacarcinus edwardsii",12S,0
"Metacarcinus magister",12S,4
"Metanephrops binghami",12S,0
"Metanephrops challengeri",12S,0
"Metanephrops rubellus",12S,1
"Metapenaeus affinis",12S,4
"Metapenaeus dobsoni",12S,0
"Metapenaeus endeavouri",12S,0
"Metapenaeus ensis",12S,7
"Metapenaeus monoceros",12S,0
"Meuschenia galii",12S,0
"Meuschenia scaber",12S,0
"Microchirus variegatus",12S,6
"Microcosmus sabatieri",12S,0
"Micromesistius australis",12S,0
"Micropterus notius",12S,0
"Micropterus treculii",12S,6
"Microstomus kitt",12S,3
"Mimachlamys varia",12S,4
"Mizuhopecten yessoensis",12S,4
"Mobula thurstoni",12S,6
"Modiolus barbatus",12S,1
"Modiolus modiolus",12S,3
"Monochamus versteegi",12S,0
"Monodonta turbinata",12S,3
"Monomia haanii",12S,2
"Mora moro",12S,1
"Morone chrysops x Morone saxatilis",12S,0
"Morone mississippiensis",12S,0
"Morone saxatilis x Morone chrysops",12S,0
"Mugil gaimardianus",12S,0
"Mugil gyrans",12S,0
"Mugilidae",12S,456
"Mugiloides chilensis",12S,0
"Mugiloides fasciatus",12S,0
"Mulinia edulis",12S,0
"Mulloidichthys dentatus",12S,1
"Mullus barbatus",12S,17
"Munida gregaria",12S,2
"Muraena melanotis",12S,0
"Muraena robusta",12S,0
"Mustelus antarcticus",12S,0
"Mustelus californicus",12S,0
"Mustelus lenticulatus",12S,0
"Mya arenaria",12S,6
"Mycteroperca jordani",12S,9
"Mycteroperca phenax",12S,2
"Myleus pacu",12S,0
"Myliobatis californica",12S,2
"Myliobatis freminvillii",12S,11
"Myliobatis goodei",12S,0
"Mytilus californianus",12S,7
"Mytilus chilensis",12S,4
"Mytilus edulis",12S,12
"Mytilus galloprovicialis x Mytilus edulis",12S,0
"Mytilus galloprovincalis",12S,0
"Mytilus galloprovincialis",12S,34
"Myxine glutinosa",12S,17
"Narcine brasiliensis",12S,2
"Nautilus",12S,1
"Navodon australis",12S,0
"Nebris microps",12S,0
"Nemadactylus carponotatus",12S,0
"Nemadactylus douglasii",12S,0
"Nemadactylus macropterus",12S,0
"Nematalosa vlaminghi",12S,0
"Nematognathi",12S,0
"Nemipterus mesoprion",12S,0
"Neolithodes brodiei",12S,0
"Neotropius acutirostris",12S,0
"Nephrops norvegicus",12S,3
"Nephropsis aculeata",12S,3
"Netuma thalassinus",12S,0
"Nezara viridula",12S,2
"Nototodarus sloanii",12S,0
"Ocenebra japonica",12S,0
"Octopoda",12S,287
"Octopus insularis",12S,0
"Octopus membranaceus",12S,0
"Octopus minor",12S,3
"Octopus vulgaris",12S,6
"Odontesthes regia",12S,0
"Oecophylla smaragdina",12S,0
"Oligoplites saurus",12S,8
"Ommastrephes bartramii",12S,3
"Oncorhynchus aguabonita",12S,0
"Ophichthus rex",12S,1
"Opisthonema libertate",12S,0
"Opsanus pardus",12S,2
"Orcynopsis unicolor",12S,0
"Oreochromis mossambicus x Oreochromis niloticus",12S,0
"Orycteo rhinoceros",12S,0
"Oryctes boas",12S,0
"Osmeridae",12S,120
"Osmerus dentex",12S,7
"Osmerus mordax dentex",12S,7
"Osphronemus goramy?",12S,5
"Ostorhinchus maculiferus",12S,0
"Ostrea conchaphila",12S,0
"Ostrea edulis",12S,18
"Ostrea lurida",12S,2
"Ostreoidea",12S,166
"Otolithoides biauritus",12S,0
"Otolithoides pama",12S,2
"Ovalipes punctatus",12S,4
"Palaemon serratus",12S,3
"Palaemonetes vulgaris",12S,0
"Palinurus delagoae",12S,0
"Palinurus elephas",12S,1
"Palinurus gilchristi",12S,0
"Palinurus mauritanicus",12S,1
"Pandalopsis dispar",12S,0
"Pandalus goniurus",12S,0
"Pandalus hypsinotus",12S,2
"Pandalus jordani",12S,0
"Pangasius gigas",12S,2
"Pangasius sanitwongsei",12S,3
"Panopea abrupta",12S,2
"Panopea bitruncata",12S,0
"Panopea generosa",12S,2
"Panopeidae",12S,81
"Panulirus argus",12S,2
"Panulirus cygnus",12S,54
"Panulirus gracilis",12S,0
"Panulirus homarus",12S,9
"Panulirus inflatus",12S,1
"Panulirus interruptus",12S,2
"Panulirus japonicus",12S,50
"Panulirus laevicauda",12S,0
"Panulirus marginatus",12S,3
"Panulirus ornatus",12S,6
"Panulirus penicillatus",12S,45
"Panulirus polyphagus",12S,8
"Panulirus regius",12S,1
"Panulirus versicolor",12S,6
"Paphies australis",12S,0
"Paphies subtriangulata",12S,0
"Paphies ventricosa",12S,0
"Paracaesio xanthura",12S,6
"Paracentrotus lividus",12S,7
"Parachanna obscura",12S,7
"Paralabrax clathratus",12S,2
"Paralichthys aestuarius",12S,0
"Paralichthys microps",12S,0
"Paralichthys patagonicus",12S,2
"Paralithodes brevipes",12S,3
"Paralithodes camtschaticus",12S,3
"Paralithodes platypus",12S,3
"Paralomis granulosa",12S,1
"Paralonchurus peruanus",12S,0
"Parambassis baculis",12S,0
"Parancistrus aurantiacus",12S,1
"Paranotothenia magellanica",12S,1
"Parapenaeopsis sculptilis",12S,0
"Parapenaeopsis stylifera",12S,0
"Parapenaeus longirostris",12S,4
"Parapercis colias",12S,0
"Parastacoidea",12S,448
"Paratrachichthys trailli",12S,0
"Paristiopterus labiosus",12S,0
"Parona signata",12S,0
"Parupenaeus cilatus",12S,0
"Parupeneus cyclostomus",12S,6
"Patella caerulea",12S,7
"Patinopecten caurinus",12S,2
"Patinopecten yessoensis",12S,4
"Pecten albicans",12S,1
"Pecten jacobaeus",12S,2
"Pecten maximus",12S,11
"Pecten meridionalis",12S,0
"Pecten novaezelandiae",12S,10
"Pectinidae",12S,433
"Pellona ditchela",12S,1
"Penaeus esculentus",12S,1
"Penaeus indicus",12S,16
"Penaeus monodon",12S,125
"Penaeus semisulcatus",12S,11
"Penaeus setiferus",12S,2
"Penaeus vannamei",12S,32
"Pennahia anea",12S,8
"Peprilus simillimus",12S,0
"Percophis brasiliensis",12S,0
"Perna canaliculus",12S,5
"Petromyzontiformes",12S,201
"Phycidae",12S,40
"Pinnipedia",12S,487
"Placopecten magellanicus",12S,7
"Platanistidae",12S,15
"Platycephalus conatus",12S,0
"Platycephalus longispinis",12S,0
"Platyrhinoidis triseriata",12S,0
"Plebidonax deltoides",12S,0
"Plectorhinchus lineatus",12S,4
"Pleoticus muelleri",12S,3
"Pleoticus robustus",12S,1
"Plesionika martia",12S,0
"Pleuroncodes monodon",12S,0
"Pleuroncodes planipes",12S,0
"Pleuronichthys decurrens",12S,1
"Pleuronichthys ritteri",12S,0
"Pleuroploca gigantea",12S,0
"Plicofollis crossocheilos",12S,0
"Polinices heros",12S,0
"Pollicipes pollicipes",12S,328
"Pollicipes polymerus",12S,2
"Polyprion oxygeneios",12S,1
"Polyprion yanezi",12S,0
"Pomadasys crocro",12S,0
"Pomadasys panamensis",12S,0
"Pomatomus saltatrix",12S,26
"Pontinus khulii",12S,0
"Portunus armatus",12S,10
"Portunus pelagicus",12S,21
"Portunus puber",12S,0
"Portunus reticulatus",12S,0
"Portunus sanguinolentus",12S,10
"Portunus segnis",12S,0
"Portunus trituberculatus",12S,4
"Portunus tuberculosus",12S,0
"Prionotus stephanophrys",12S,0
"Pristipomoides flavipinnis",12S,1
"Pristipomoides typus",12S,8
"Probarbus jullien",12S,0
"Procambarus acutus",12S,6
"Procambarus clarkii",12S,10
"Procambarus zonangulus",12S,0
"Prognichthys gibbifrons",12S,0
"Prolatilus jugularis",12S,0
"Protothaca staminea",12S,0
"Protothaca tenerrima",12S,0
"Protothaca thaca",12S,0
"Protrachypene precipua",12S,0
"Psettodes belcheri",12S,4
"Pseudacanthotermes militaris",12S,4
"Pseudacanthotermes spiniger",12S,4
"Pseudapocryptes elongatus",12S,1
"Pseudeutropius atherinoides",12S,0
"Pseudolais micronemus",12S,0
"Pseudopentaceros wheeleri",12S,6
"Pseudophycis bachus",12S,0
"Pseudophycis barbata",12S,0
"Pseudophycis breviuscula",12S,0
"Pseudorhombus jenynsii",12S,0
"Pseudotolithus senegalensis",12S,2
"Pseudupeneus grandisquamis",12S,0
"Pterogymnus laniarius",12S,6
"Pterygotrigla picta",12S,0
"Ptychocheilus grandis",12S,0
"Puntius chola",12S,1
"Puntius sarana",12S,4
"Puntius sophore",12S,3
"Raja binoculata",12S,4
"Raja eglanteria",12S,18
"Raja inornata",12S,3
"Raja rhina",12S,5
"Raja stellulata",12S,3
"Raja texana",12S,2
"Rajidae",12S,764
"Rana catesbeiana",12S,31
"Rangia cuneata",12S,0
"Ranina ranina",12S,4
"Rapana venosa",12S,5
"Rastrineobola argenta",12S,0
"Rhacochilus toxotes",12S,0
"Rhacochilus vacca",12S,3
"Rhinobatos lentiginosus",12S,1
"Rhinobatos productus",12S,0
"Rhombosolea leporina",12S,1
"Rhombosolea plebeia",12S,0
"Rhombosolea retiaria",12S,0
"Rhombosolea tapirina",12S,1
"Rhynchophorus phoenicis",12S,2
"Romaleon antennarium",12S,0
"Roncador stearnsii",12S,0
"Rossia macrosoma",12S,3
"Ruditapes decussatus",12S,2
"Ruditapes philippinarum",12S,47
"Ruspolia differens",12S,0
"Ruspolia nitidula",12S,1
"Saccostrea cuccullata",12S,6
"Saccostrea glomerata",12S,4
"Sagmariasus verreauxi",12S,3
"Salanx prognathus",12S,0
"Salilota australis",12S,0
"Salmostoma bacaila",12S,3
"Samariscus triocellatus",12S,1
"Sanguinolaria sanguinolenta",12S,0
"Sarda australis",12S,0
"Sarda chiliensis",12S,1
"Sardinella fimbriata",12S,1
"Sardinella janeiro",12S,2
"Sardinops melanostictus",12S,451
"Sardinops neopilchardus",12S,0
"Sardinops ocellatus",12S,2
"Sarotherodon galilaeus galilaeus",12S,0
"Saurida elongata",12S,3
"Saurida filamentosa",12S,0
"Saxidomus gigantea",12S,0
"Saxidomus nuttalli",12S,0
"Scardinius erythrophthalmus",12S,14
"Scaridae",12S,1361
"Schedophilus ovalis",12S,0
"Schistocerca gregaria",12S,22
"Sciades herzbergii",12S,2
"Sciades parkeri",12S,1
"Scleropages legendrei",12S,0
"Scomberomorus lineolatus",12S,0
"Scomberomorus regalis",12S,2
"Scomberomorus sierra",12S,4
"Scophthalmus rhombus",12S,3
"Scorpaena cardinalis",12S,0
"Scorpaena dispar",12S,0
"Scorpaena guttata",12S,0
"Scorpaena papillosa",12S,0
"Scylla",12S,56
"Scylla olivacea",12S,7
"Scylla paramamosain",12S,21
"Scylla serrata",12S,17
"Scylla tranquebarica",12S,10
"Scyllarides aequinoctialis",12S,0
"Scyllarides brasiliensis",12S,1
"Scyllarides squammosus",12S,2
"Sebastes atrovirens",12S,1
"Sebastes borealis",12S,2
"Sebastes capensis",12S,1
"Sebastes carnatus",12S,2
"Sebastes chlorostictus",12S,1
"Sebastes chrysomelas",12S,1
"Sebastes ensifer",12S,1
"Sebastes gilli",12S,1
"Sebastes lentiginosus",12S,1
"Sebastes levis",12S,1
"Sebastes melanosema",12S,1
"Sebastes nigrocinctus",12S,4
"Sebastes phillipsi",12S,1
"Sebastes rastrelliger",12S,1
"Sebastes rufinanus",12S,1
"Sebastes serranoides",12S,1
"Sebastes serriceps",12S,1
"Sebastolobus altivelis",12S,0
"Selachimorpha",12S,0
"Sepia esculenta",12S,10
"Sepia lycidas",12S,7
"Sepiida",12S,190
"Sepiola rondeletii",12S,2
"Sepioteuthis australis",12S,2
"Sepioteuthis lessoniana",12S,8
"Sepioteuthis sepioidea",12S,0
"Sergia lucens",12S,1
"Seriolella brama",12S,8
"Seriolella caerulea",12S,0
"Seriolella punctata",12S,1
"Seriphus politus",12S,0
"Serranidae",12S,1576
"Serranus atricauda",12S,2
"Serripes groenlandicus",12S,0
"Sicyonia brevirostris",12S,0
"Siganus",12S,117
"Siliqua alta",12S,0
"Siliqua costata",12S,0
"Siliqua patula",12S,0
"Sillago bassensis",12S,0
"Sillago domina",12S,1
"Sillago robusta",12S,0
"Siluriformes",12S,3540
"Simomactra dolabriformis",12S,0
"Simomactra falcata",12S,0
"Simomactra planulata",12S,0
"Sinotaia quadrata",12S,5
"Soleidae",12S,162
"Solen grandis",12S,2
"Solen marginatus",12S,2
"Solen rostriformis",12S,0
"Solen viridis",12S,0
"Solenocera agassizii",12S,1
"Solenocera melantho",12S,3
"Somileptus gongota",12S,2
"Spaerechinus granularis",12S,0
"Sphenarium purpurascens",12S,8
"Sphoeroides",12S,42
"Sphoeroides lobatus",12S,0
"Sphyraena",12S,109
"Sphyraena argentea",12S,0
"Sphyraena ensis",12S,1
"Sphyrna tudes",12S,4
"Spirinchus starksi",12S,4
"Spisula sachalinensis",12S,5
"Spisula solida",12S,0
"Spisula solidissima",12S,0
"Sprattus",12S,351
"Squalidae",12S,51
"Squatina californica",12S,2
"Squilla mantis",12S,2
"Stenotomus caprinus",12S,4
"Sthenoteuthis oualaniensis",12S,12
"Stromateidae",12S,92
"Stromateus brasiliensis",12S,1
"Strombidae",12S,43
"Strombus alatus",12S,0
"Strombus costatus",12S,0
"Strombus gigas",12S,3
"Strombus pugilis",12S,2
"Strongylocentrotus droebachiensis",12S,7
"Strongylocentrotus purpuratus",12S,4
"Styela clava",12S,4
"Styela plicata",12S,2
"Sylvilagus",12S,130
"Symphorichthys spilurus",12S,2
"Symphorus nematophorus",12S,7
"Synclidopus macleayanus",12S,0
"Tagelus californianus",12S,0
"Tagelus dombeii",12S,0
"Tagelus plebeius",12S,0
"Takifugu",12S,139
"Tapes rhomboides",12S,0
"Tapes variegata",12S,0
"Tectura testudinalis",12S,4
"Tegillarca granosa",12S,5
"Tenebrio molitor",12S,5
"Tessaratoma quadrata",12S,2
"Tetraodontidae",12S,511
"Thelenota ananas",12S,2
"Thyrsitops lepidopoides",12S,2
"Thysanoessa inermis",12S,0
"Tibicen pruinosus",12S,0
"Tilapia rendalli",12S,4
"Tiostrea lutaria",12S,0
"Tivela stultorum",12S,0
"Todarodes angolensis",12S,0
"Todarodes pacificus",12S,7
"Todarodes sagittatus",12S,0
"Tonna galea",12S,4
"Torpedo californica",12S,0
"Torpedo nobiliana",12S,0
"Trachinotus",12S,66
"Trachinotus africanus",12S,0
"Trachinotus kennedyi",12S,0
"Trachinotus rhodopus",12S,0
"Trachurus declivis",12S,0
"Trachurus novaezelandiae",12S,0
"Trachysalambria curvirostris",12S,11
"Tresus capax",12S,0
"Tresus nuttallii",12S,0
"Trionyx sinensis",12S,127
"Triportheus albus",12S,0
"Triportheus elongatus",12S,1
"Trophon geversianus",12S,1
"Turbo cornutus",12S,2
"Ucides cordates",12S,0
"Ucides occidentalis",12S,0
"Umbrina cirrosa",12S,0
"Umbrina coroides",12S,0
"Umbrina roncador",12S,0
"Upeneichthys lineatus",12S,0
"Upeneus parvus",12S,7
"Urophycis brasiliensis",12S,2
"Urophycis cirrata",12S,0
"Uroteuthis chinensis",12S,3
"Uroteuthis duvauceli",12S,2
"Varanus giganteus",12S,1
"Venerupis aspera",12S,2
"Venerupis aurea",12S,0
"Venerupis decussata",12S,2
"Venerupis philippinarum",12S,47
"Vespa orientalis",12S,6
"Vespa velutina",12S,11
"Watasenia scintillans",12S,6
"Xanthidae",12S,361
"Xenobrama microlepis",12S,0
"Xiphopenaeus kroyeri",12S,0
"Xylotrupes gideon",12S,0
"Zenopsis conchifera",12S,9
"Zenopsis nebulosa",12S,8
"Zeus capensis",12S,7
"Zidona dufresnei",12S,0
"Zonocerus variegatus",12S,0
"Zygochlamys delicatula",12S,5
"Zygochlamys patagonica",12S,8
"Acanthopagrus berda",12S,12
"Acanthurus gahhm",12S,1
"Acetes japonicus",12S,1
"Achatina fulica",12S,5
"Acheta domesticus",12S,5
"Acipenser multiscutatus",12S,0
"Actinopyga mauritiana",12S,0
"Aequipecten glyptus",12S,1
